Data,E-mail,Escritorio,Assunto,Abordagem,Lote,Planilha,Link do rascunho,Status
2026-10-07,contato@sanbarbosa.adv.br,San Barbosa (sanbarbosa.adv.br),Advogado cível e previdenciário - OAB/RO 11.037 - Parceria na região Norte,C,3,PARCERIAS_ASSOCIADO_500,https://mail.google.com/mail/?authuser=lucaspalharesadv@gmail.com#all?compose=thread-f:1878406436357868068%2Bmsg-a:r1247068914142705512,rascunho criado
2026-10-07,jus@ozivaldobarreiro.adv.br,Ozivaldo Barreiro - Advocacia e Consultoria Jurídica (ozivaldobarreiro.adv.br),Advogado previdenciário e trabalhista - OAB/RO 11.037 - Parceria,C,3,PARCERIAS_ASSOCIADO_500,https://mail.google.com/mail/?authuser=lucaspalharesadv@gmail.com#all?compose=thread-f:1878406437398456558%2Bmsg-a:r-5367966820666113508,rascunho criado
2026-10-07,contato@pmadvocacia.adv.br,Pinheiro & Mariano (pmadvocacia.adv.br),Correspondente em Rondônia - OAB/RO 11.037 - Pinheiro & Mariano,B,3,PARCERIAS_ASSOCIADO_500,https://mail.google.com/mail/?authuser=lucaspalharesadv@gmail.com#all?compose=thread-f:1878406438066450654%2Bmsg-a:r-588926118550826921,rascunho criado
2026-10-07,contato@mateusnogueira.adv.br,Principal (mateusnogueira.adv.br),"Correspondente em Rondônia - OAB/RO 11.037 - cível, consumidor e bancário",B,3,PARCERIAS_ASSOCIADO_500,https://mail.google.com/mail/?authuser=lucaspalharesadv@gmail.com#all?compose=thread-f:1878406438751942106%2Bmsg-a:r-6624157168814001127,rascunho criado
2026-10-07,rodriguesevasconcelos@rodriguesevasconcelos.adv.br,Rodrigues e Vasconcelos (rodriguesevasconcelos.adv.br),Correspondente em Rondônia - OAB/RO 11.037 - Rodrigues e Vasconcelos,B,3,PARCERIAS_ASSOCIADO_500,https://mail.google.com/mail/?authuser=lucaspalharesadv@gmail.com#all?compose=thread-f:1878406439156035769%2Bmsg-a:r9190305385602800198,rascunho criado
2026-10-07,contato@vivianesantos.adv.br,Advogado Concurso Público (vivianesantos.adv.br),Advogado contencioso remoto - OAB/RO 11.037 - Banco de talentos,A,3,PARCERIAS_ASSOCIADO_500,https://mail.google.com/mail/?authuser=lucaspalharesadv@gmail.com#all?compose=thread-f:1878406440143620904%2Bmsg-a:r3124613238332831088,rascunho criado
2026-10-07,ines@jcm.adv.br,JCM Advogados (jcm.adv.br),Correspondente em Rondônia - OAB/RO 11.037 - JCM Advogados,B,3,PARCERIAS_ASSOCIADO_500,https://mail.google.com/mail/?authuser=lucaspalharesadv@gmail.com#all?compose=thread-f:1878406441205109213%2Bmsg-a:r-5256843984914114709,rascunho criado
2026-10-07,contato@mota.adv.br,Mota & Advogados Associados (mota.adv.br),Advogado previdenciário e trabalhista - OAB/RO 11.037 - Banco de talentos,A,3,PARCERIAS_ASSOCIADO_500,https://mail.google.com/mail/?authuser=lucaspalharesadv@gmail.com#all?compose=thread-f:1878406441297462459%2Bmsg-a:r-681717223831939966,rascunho criado
2026-10-07,escritorio@nvcd.adv.br,NVCD Advogados (nvcd.adv.br),Correspondente em Rondônia - OAB/RO 11.037 - NVCD Advogados,B,3,PARCERIAS_ASSOCIADO_500,https://mail.google.com/mail/?authuser=lucaspalharesadv@gmail.com#all?compose=thread-f:1878406441954413596%2Bmsg-a:r-3490424189978085313,rascunho criado
2026-10-07,contato@oliveirasouza.adv.br,Oliveira Souza (oliveirasouza.adv.br),Advogado contencioso - OAB/RO 11.037 - Banco de talentos,A,3,PARCERIAS_ASSOCIADO_500,https://mail.google.com/mail/?authuser=lucaspalharesadv@gmail.com#all?compose=thread-f:1878406443468017570%2Bmsg-a:r-2256217541141218547,rascunho criado
2026-10-07,contato@quintiliano.adv.br,QUINTILIANO ADVOGADOS (quintiliano.adv.br),Advogado contencioso com automação jurídica - OAB/RO 11.037 - Banco de talentos,A,3,PARCERIAS_ASSOCIADO_500,https://mail.google.com/mail/?authuser=lucaspalharesadv@gmail.com#all?compose=thread-f:1878406502416365573%2Bmsg-a:r-1368571140262766303,rascunho criado
2026-10-07,ribeiroeribeiro@ribeiroeribeiro.adv.br,Ribeiro & Ribeiro (ribeiroeribeiro.adv.br),Advogado previdenciário e consumidor - OAB/RO 11.037 - Banco de talentos,A,3,PARCERIAS_ASSOCIADO_500,https://mail.google.com/mail/?authuser=lucaspalharesadv@gmail.com#all?compose=thread-f:1878406503188319069%2Bmsg-a:r2240185750664696608,rascunho criado
2026-10-07,luciano@mmp.adv.br,"Machado, Mazzei & Pinho Advogados (mmp.adv.br)",Advogado contencioso de volume - OAB/RO 11.037 - Banco de talentos,A,3,PARCERIAS_ASSOCIADO_500,https://mail.google.com/mail/?authuser=lucaspalharesadv@gmail.com#all?compose=thread-f:1878406503631579230%2Bmsg-a:r-2416012145934196664,rascunho criado
2026-10-07,contato@mdbadvogados.adv.br,"Massucati, Drago & Batista Advogados (mdbadvogados.adv.br)",Correspondente em Rondônia - OAB/RO 11.037 - bancário e recuperação de crédito,B,3,PARCERIAS_ASSOCIADO_500,https://mail.google.com/mail/?authuser=lucaspalharesadv@gmail.com#all?compose=thread-f:1878406505027831439%2Bmsg-a:r-7902483671391222976,rascunho criado
2026-10-07,atendimento@saulmartins.adv.br,Saul Martins Advogados (saulmartins.adv.br),Advogado bancário e imobiliário - OAB/RO 11.037 - Banco de talentos,A,3,PARCERIAS_ASSOCIADO_500,https://mail.google.com/mail/?authuser=lucaspalharesadv@gmail.com#all?compose=thread-f:1878406505350677255%2Bmsg-a:r6241748306755858835,rascunho criado
2026-10-07,advogada@xavieradvogados.adv.br,Xavier e Pedrini Advogadas Associadas (xavieradvogados.adv.br),Correspondente em Rondônia - OAB/RO 11.037 - previdenciário e trabalhista,B,3,PARCERIAS_ASSOCIADO_500,https://mail.google.com/mail/?authuser=lucaspalharesadv@gmail.com#all?compose=thread-f:1878406506061524354%2Bmsg-a:r2222420404920637694,rascunho criado
2026-10-07,contato@mateuscunha.adv.br,Mateus Cunha (mateuscunha.adv.br),Correspondente em Rondônia - OAB/RO 11.037 - recuperação de crédito e cível,B,3,PARCERIAS_ASSOCIADO_500,https://mail.google.com/mail/?authuser=lucaspalharesadv@gmail.com#all?compose=thread-f:1878406506402342255%2Bmsg-a:r3676866882896570578,rascunho criado
2026-10-07,contato@ritamargareterodrigues.adv.br,Rita Margarete Rodrigues - Advocacia Previdenciária (ritamargareterodrigues.adv.br),Correspondente previdenciário em Rondônia - OAB/RO 11.037,B,3,PARCERIAS_ASSOCIADO_500,https://mail.google.com/mail/?authuser=lucaspalharesadv@gmail.com#all?compose=thread-f:1878406507218863246%2Bmsg-a:r-1956810634193145229,rascunho criado
2026-10-07,contato@rlasmar.adv.br,Rodnei Lasmar (rlasmar.adv.br),Advogado cível e imobiliário - OAB/RO 11.037 - Banco de talentos,A,3,PARCERIAS_ASSOCIADO_500,https://mail.google.com/mail/?authuser=lucaspalharesadv@gmail.com#all?compose=thread-f:1878406507453911070%2Bmsg-a:r-4591249086365987632,rascunho criado
2026-10-07,juridico@pierremachado.adv.br,Pierre Magalhães Machado (pierremachado.adv.br),Advogado contencioso com automação jurídica - OAB/RO 11.037 - Banco de talentos,A,3,PARCERIAS_ASSOCIADO_500,https://mail.google.com/mail/?authuser=lucaspalharesadv@gmail.com#all?compose=thread-f:1878406508388225492%2Bmsg-a:r-3702087329302334055,rascunho criado
2026-10-07,contato@meloadv.adv.br,J. Melo Advogados Associados (meloadv.adv.br),Correspondente em Rondônia - OAB/RO 11.037 - J. Melo Advogados,B,3,PARCERIAS_ASSOCIADO_500,https://mail.google.com/mail/?authuser=lucaspalharesadv@gmail.com#all?compose=thread-f:1878406573951853624%2Bmsg-a:r-1913064756721017126,rascunho criado
2026-10-07,contato@mateusmartins.adv.br,Mateus Martins Advocacia Especializada (mateusmartins.adv.br),Advogado imobiliário e previdenciário - OAB/RO 11.037 - Banco de talentos,A,3,PARCERIAS_ASSOCIADO_500,https://mail.google.com/mail/?authuser=lucaspalharesadv@gmail.com#all?compose=thread-f:1878406575320156928%2Bmsg-a:r-7792863335800679837,rascunho criado
2026-10-07,bruno@zanelliadvogados.adv.br,Zanelli Advogados (zanelliadvogados.adv.br),Correspondente em Rondônia - OAB/RO 11.037 - Zanelli Advogados,B,3,PARCERIAS_ASSOCIADO_500,https://mail.google.com/mail/?authuser=lucaspalharesadv@gmail.com#all?compose=thread-f:1878406575541984892%2Bmsg-a:r2086926082240761746,rascunho criado
2026-10-07,julio.moraes@mnp.adv.br,MNP Advogados (mnp.adv.br),Advogado trabalhista e cível - OAB/RO 11.037 - Banco de talentos e correspondência,A,3,PARCERIAS_ASSOCIADO_500,https://mail.google.com/mail/?authuser=lucaspalharesadv@gmail.com#all?compose=thread-f:1878406576484069609%2Bmsg-a:r-6931047386588522411,rascunho criado
2026-10-07,rossetodesouza@rossetodesouza.adv.br,Rosseto de Souza (rossetodesouza.adv.br),Advogado saúde e consumidor - OAB/RO 11.037 - Parceria,C,3,PARCERIAS_ASSOCIADO_500,https://mail.google.com/mail/?authuser=lucaspalharesadv@gmail.com#all?compose=thread-f:1878406577020323313%2Bmsg-a:r2609076482626393076,rascunho criado
2026-10-07,contato@regiscarvalho.adv.br,Régis Carvalho Advogados Associados (regiscarvalho.adv.br),Advogado previdenciário e cível - OAB/RO 11.037 - Parceria em Rondônia,C,3,PARCERIAS_ASSOCIADO_500,https://mail.google.com/mail/?authuser=lucaspalharesadv@gmail.com#all?compose=thread-f:1878406577282132410%2Bmsg-a:r-7069130104104121656,rascunho criado
2026-10-07,atendimento@mgw.adv.br,Moreira Garcia & Weis (mgw.adv.br),Advogado em Ji-Paraná/RO - OAB/RO 11.037 - Apoio ao escritório de Porto Velho,C,3,PARCERIAS_ASSOCIADO_500,https://mail.google.com/mail/?authuser=lucaspalharesadv@gmail.com#all?compose=thread-f:1878406577711958993%2Bmsg-a:r4317336673323500536,rascunho criado
2026-10-07,contato@ocadv.adv.br,Ogliari e Carvalho Advocacia Corporativa (ocadv.adv.br),Advogado contencioso em Rondônia - OAB/RO 11.037 - Parceria,C,3,PARCERIAS_ASSOCIADO_500,https://mail.google.com/mail/?authuser=lucaspalharesadv@gmail.com#all?compose=thread-f:1878406578566341597%2Bmsg-a:r6836310423644829955,rascunho criado
2026-10-07,contato@pousomiranda.adv.br,POUSO MIRANDA ADVOGADOS (pousomiranda.adv.br),Advogado cível e trabalhista em Rondônia - OAB/RO 11.037 - Parceria,C,3,PARCERIAS_ASSOCIADO_500,https://mail.google.com/mail/?authuser=lucaspalharesadv@gmail.com#all?compose=thread-f:1878406579703695832%2Bmsg-a:r5589027109500691221,rascunho criado
2026-10-07,atendimento@sampaiosilva.adv.br,Sampaio & Silva Advogados Associados (sampaiosilva.adv.br),Advogado direito da saúde e cível - OAB/RO 11.037 - Parceria,C,3,PARCERIAS_ASSOCIADO_500,https://mail.google.com/mail/?authuser=lucaspalharesadv@gmail.com#all?compose=thread-f:1878406580017892712%2Bmsg-a:r5675004659312516753,rascunho criado
2026-10-07,contato@nicolauwaris.adv.br,Nicolau Waris Advocacia (nicolauwaris.adv.br),Advogado trabalhista e cível - OAB/RO 11.037 - Banco de talentos,A,3,PARCERIAS_ASSOCIADO_500,https://mail.google.com/mail/?authuser=lucaspalharesadv@gmail.com#all?compose=thread-f:1878406636863732713%2Bmsg-a:r6582091680817785673,rascunho criado
2026-10-07,norteprev@outlook.com,NORTEPREV (norteprev.adv.br),Advogado previdenciário em Rondônia - OAB/RO 11.037 - Parceria,C,3,PARCERIAS_ASSOCIADO_500,https://mail.google.com/mail/?authuser=lucaspalharesadv@gmail.com#all?compose=thread-f:1878406637580987296%2Bmsg-a:r6877362552829737586,rascunho criado
2026-10-07,contato@quarella.adv.br,Quarella Advocacia (quarella.adv.br),Advogado contencioso tributário e cível - OAB/RO 11.037 - Banco de talentos,A,3,PARCERIAS_ASSOCIADO_500,https://mail.google.com/mail/?authuser=lucaspalharesadv@gmail.com#all?compose=thread-f:1878406638053850633%2Bmsg-a:r-3387502019222112953,rascunho criado
2026-10-07,villarmaia@villarmaia.adv.br,Villar Maia | Advocacia e Consultoria (villarmaia.adv.br),Advogado previdenciário e saúde - OAB/RO 11.037 - Banco de talentos,A,3,PARCERIAS_ASSOCIADO_500,https://mail.google.com/mail/?authuser=lucaspalharesadv@gmail.com#all?compose=thread-f:1878406639061462660%2Bmsg-a:r6518298722461990795,rascunho criado
2026-10-07,luiz@abagge.adv.br,Abagge (abagge.adv.br),Advogado trabalhista e cível - OAB/RO 11.037 - Banco de talentos,A,3,PARCERIAS_ASSOCIADO_500,https://mail.google.com/mail/?authuser=lucaspalharesadv@gmail.com#all?compose=thread-f:1878406639714205541%2Bmsg-a:r953854485345925377,rascunho criado
2026-10-07,contato@gd.adv.br,GD (gd.adv.br),Correspondente em Rondônia - OAB/RO 11.037 - GD Advocacia,B,3,PARCERIAS_ASSOCIADO_500,https://mail.google.com/mail/?authuser=lucaspalharesadv@gmail.com#all?compose=thread-f:1878406641268606628%2Bmsg-a:r-3517781561917472584,rascunho criado
2026-10-07,mariana@marianagiongo.adv.br,Mariana Giongo (marianagiongo.adv.br),Advogado trabalhista e bancário - OAB/RO 11.037 - Banco de talentos,A,3,PARCERIAS_ASSOCIADO_500,https://mail.google.com/mail/?authuser=lucaspalharesadv@gmail.com#all?compose=thread-f:1878406641895758454%2Bmsg-a:r1067747717124051514,rascunho criado
2026-10-07,contato@marranomartinsilva.adv.br,Marrano Martin Silva Advogados (marranomartinsilva.adv.br),Advogado cível e trabalhista - OAB/RO 11.037 - Banco de talentos,A,3,PARCERIAS_ASSOCIADO_500,https://mail.google.com/mail/?authuser=lucaspalharesadv@gmail.com#all?compose=thread-f:1878406642359349086%2Bmsg-a:r4036540403477050010,rascunho criado
2026-10-07,msta@msta.adv.br,MSTA Advogados (msta.adv.br),Correspondente em Rondônia - OAB/RO 11.037 - saúde suplementar,B,3,PARCERIAS_ASSOCIADO_500,https://mail.google.com/mail/?authuser=lucaspalharesadv@gmail.com#all?compose=thread-f:1878406642680307074%2Bmsg-a:r-4585223633946093621,rascunho criado
2026-10-07,contato@plcv.adv.br,PLCV 2023 (plcv.adv.br),Correspondente em Rondônia - OAB/RO 11.037 - PLCV Advogados Associados,B,3,PARCERIAS_ASSOCIADO_500,https://mail.google.com/mail/?authuser=lucaspalharesadv@gmail.com#all?compose=thread-f:1878406643523330440%2Bmsg-a:r315008294296107665,rascunho criado
