ID,Organizacao,Cidade,UF,CANAL,E-MAIL / CONTATO,Vaga,Data da vaga,Link de candidatura,Instrucao literal do anuncio,Observacao,Fonte
C001,Marcelo Tostes Advogados Associados,Belo Horizonte,MG,E-MAIL,recrutamento@mtostes.com.br,Advogado Civel Junior / Pleno - Contencioso de Escala,2026-09-11,https://to.indeed.com/aazhlrrjljqn,"""Candidate-se ou envie seu curriculo para recrutamento@mtostes.com.br indicando no assunto Advogado Civel - BH""",Banca nacional de contencioso de massa e recuperacao de credito. Colocar o assunto pedido.,Descricao completa da vaga no Indeed (get_job_details)
C002,Carlos Miro Advogados,Uberlândia,MG,E-MAIL,yasminsantos@carlosmiro.adv.br,Advogado Contencioso Massificado,2026-09-04,https://to.indeed.com/aanzcqdqkn8x,"""Interessados na oportunidade podem se cadastrar por aqui ou enviar o curriculo para o e-mail yasminsantos@carlosmiro.adv.br""","50 anos de mercado, bancario e empresarial. O anuncio diz que ja opera com CORRESPONDENTES em diversas localidades do pais - vale ofertar RO na mesma mensagem.",Descricao completa da vaga no Indeed (get_job_details)
C003,GWF Advogados e Associados,Ribeirão Preto,SP,E-MAIL,gestao@gwfadvocacia.com.br,Advogado(a) Senior Lider - Direito Bancario,2026-09-01,https://to.indeed.com/aa6ntjfd4f72,"""Interessados podem encaminhar o curriculo para: gestao@gwfadvocacia.com.br""",Bancario e contencioso civel. Faixa ate R$ 15.000.,Descricao completa da vaga no Indeed (get_job_details)
C004,Décio Freire Advogados,Teresina,PI,E-MAIL,christianedepaula@deciofreire.com.br,Advogado(a) Civel PLENO - Unidade Teresina (PJ),2026-09-15,https://to.indeed.com/aasphhw2vxx4,"""Os(as) interessados(as) deverao encaminhar o curriculo informando a pretensao de honorarios para o e-mail christianedepaula@deciofreire.com.br""","Banca nacional com escritorios em SP, RJ, BH, Brasilia e Recife. Exige informar pretensao de honorarios. Contratacao PJ.",Descricao completa da vaga no Indeed (get_job_details)
C005,Gonçalves Júnior Advocacia,Brasília,DF,E-MAIL,contato@goncalvesjunioradv.com,Advogado(a) Associado(a) - Civel/Tributario | ATUACAO INICIAL REMOTA,2026-09-03,https://to.indeed.com/aaw8gpwjhqy7,"""Os interessados deverao enviar curriculo para: contato@goncalvesjunioradv.com - Assunto: Processo Seletivo - Advogado(a) Associado(a) - Civel/Tributario""",ATENCAO: o prazo do anuncio era 10/09/2026. Mas o proprio texto diz que aprovados ficam em cadastro por ate 6 meses - vale enviar assim mesmo.,Descricao completa da vaga no Indeed (get_job_details)
C006,Carneiro & Ramalho Consultoria (p/ NEST Construções),Jaboatão dos Guararapes,PE,E-MAIL,consultoraselecaopb@gmail.com,Advogado(a) Associado(a),2026-08-21,https://to.indeed.com/aagvvpqgq4h9,"""Enviar o curriculo para o e-mail: consultoraselecaopb@gmail.com""","Civel, execucao e cobranca, audiencias.",Descricao completa da vaga no Indeed (get_job_details)
C007,FACER - Federação das Assoc. Comerciais e Empresariais de RO,Porto Velho,RO,E-MAIL,contato@facer.org.br,Convenio de assessoria juridica para associados,,https://facer.org.br/institucional/sobre,"Tel (69) 3229-8957 | Av. Calama 3250, Embratel, Porto Velho/RO","ALAVANCA MAXIMA: 31 associacoes comerciais, +7 mil empresas, 52 municipios de RO. Um convenio abre a base inteira.",Site institucional (extracao Tavily)
C008,CDL Ji-Paraná - Câmara de Dirigentes Lojistas,Ji-Paraná,RO,E-MAIL,saa@cdljp-ro.com.br,Convenio de assessoria juridica para lojistas associados,,https://www.cdljipa.com.br/,"Tel (69) 3421-9772 / 3422-3385 | Travessa da CDL, 221, Centro, Ji-Parana",NA SUA CIDADE. Cobranca e consumidor sao demanda recorrente dos lojistas.,Site institucional (extracao Tavily)
C009,RondoCoop - Sistema OCB/RO,Porto Velho,RO,E-MAIL,sistemaocb-ro@rondonia.coop.br,Convenio de assessoria juridica cooperativa,,https://rondonia.coop.br/rondocoop/,"Tel (69) 99961-4247 / (69) 3224-6116 | R. Paulo Macalao, 4675, Porto Velho",Reune +20 cooperativas de RO. Tem pagina de Processos Seletivos e Licitacoes e Contratos.,Site institucional (extracao Tavily)
C010,UNICAFES Rondônia,Ji-Paraná,RO,E-MAIL,unicafes@unicafesro.org.br,Assessoria previdenciaria rural e cooperativa,,https://unicafesro.org.br/quem-somos/,"Tel (69) 98462-7685 | Rua Missionaria Gunnar Vingren, 1448, Nova Brasilia, JI-PARANA/RO",SEDE NA SUA CIDADE. Uniao de cooperativas da agricultura familiar - publico direto de previdenciario rural.,Site institucional (extracao Tavily)
C011,RodaLog Logística,Ji-Paraná,RO,E-MAIL,atendimento@rodalog.com,Assessoria juridica multi-comarca,,https://rodalog.com/,Tel (62) 3299-9974 | Matriz Goiania/GO,"FILIAIS EM 10 COMARCAS DE RO: Vilhena, Pimenta Bueno, Cacoal, Presidente Medici, JI-PARANA, Ouro Preto do Oeste, Jaru, Ariquemes, Porto Velho, Guajara-Mirim. Passivo trabalhista e civel espalhado pelo estado.",Site institucional (extracao Tavily)
C012,CF Contabilidade - Ji-Paraná,Ji-Paraná,RO,E-MAIL,contato@cfjipa.com.br,Parceria juridica para a carteira de clientes PJ,,https://cfcontabilidade.com.br/unidades/jipa/,"Contato: Viviane Melo L. Tavares | Tel (69) 99367-6377 | Rua Manoel Franco, 840, Ji-Parana",NA SUA CIDADE. Contabilidade desde 1989 - canal de indicacao de clientes empresariais.,Site institucional (extracao Tavily)
C013,JI-PARANÁ Contabilidade,Ji-Paraná,RO,E-MAIL,legalizacao@ji-paranacontabilidade.com.br,Parceria juridica e societario para a carteira,,https://www.ji-paranacontabilidade.com.br/,"Tel (69) 3422-1672 / (69) 99252-4880 | R. Joao Batista Neto, 1646, Nova Brasilia, Ji-Parana",NA SUA CIDADE. Assessora empresas na constituicao e encerramento - demanda societaria recorrente.,Site institucional (extracao Tavily)
C014,Rolim Net,Rolim de Moura,RO,E-MAIL,contato@rolimnet.com.br,Defesa em acoes consumeristas nas comarcas de RO,,https://www.rolimnet.com.br/,"Av. Manaus, 5095, Centro, Rolim de Moura-RO | CNPJ 09.337.446/0001-80",Provedor com 18 anos atendendo TODO o estado de RO e o Acre. Telecom e um dos setores mais acionados por consumidores (CNJ). Tem pagina Trabalhe Conosco.,Site institucional (extracao Tavily)
C015,Reis & Rocha Advogados Associados,Cacoal,RO,E-MAIL,contato@reiserocha.com.br,Parceria entre escritorios e correspondencia,,https://reiserocha.com.br/,"Tel (69) 3441-2200 | R. Rui Barbosa, 1200, Centro, Cacoal-RO | OAB/RO 190000012-18","Areas batem com as suas: bancario, previdenciario, consumidor, tributario, trabalhista. Comarca vizinha.",Site institucional (extracao Tavily)
C016,Lehmann Advogados,Ji-Paraná,RO,E-MAIL,adm@lehmann.adv.br,Parceria entre escritorios e correspondencia,,https://lehmann.adv.br/advogados-ji-parana/,Tel 81 3103-7007 | Seg-Sex 9h-18h,"Tem pagina TRABALHE CONOSCO. Atua em Ji-Parana, Vilhena e Rolim de Moura. Lista planos de saude, juros abusivos e dividas bancarias entre as areas.",Site institucional (extracao Tavily)
C017,BRD Advocacia & Advogados Associados,Ariquemes,RO,E-MAIL,Belnetobr@hotmail.com,Parceria entre escritorios e correspondencia,,https://www.brdadvocacia.com.br/,"Dr. Belmiro Rogerio Duarte Bermudes Neto | Tel (69) 98482-4171 | Av. Guapore, 2628, Setor 05, Ariquemes/RO","Ex-TJRO. Civel, previdenciario, trabalhista, criminal.",Site institucional (extracao Tavily)
C018,Habitamais Administradora de Condomínios,Porto Velho,RO,E-MAIL,contato@habtamais.com,Cobranca condominial judicial e extrajudicial,,https://habitamais.com21.com.br/,"Tel (69) 3221-2063 | Rua Abuna, 1646, Olaria, Porto Velho/RO","FORTE: o site tem servico declarado de GESTAO JURIDICA com ""cobrancas judiciais e extrajudiciais"". Atende quase 6.000 unidades residenciais. Demanda de cobranca em escala.",Site institucional (extracao Tavily)
C019,A Pioneira Administradora de Imóveis,Porto Velho,RO,E-MAIL,apioneira.adm@hotmail.com,"Cobranca condominial, despejo, imobiliario",,http://apioneira.adm.br/,"Tel (69) 3221-5292 / (69) 99247-1837 | R. Mal. Deodoro, 2949, Olaria, Porto Velho | e-mail alternativo: admin@apioneira.adm.br",Dois e-mails publicados no site. Gestao de condominios residenciais e comerciais.,Site institucional (extracao Tavily)
C020,Expresso Rodotec (W S Transportes),Porto Velho,RO,E-MAIL,contato@expressorodotec.com.br,"Assessoria trabalhista, tributaria e civel",,https://www.expressorodotec.com/,"Tel (69) 9988-9359 | WhatsApp (69) 99952-8263 | Rua Jorubatuba, 6403, Aeroclube, Porto Velho-RO | CNPJ 15.186.966/0001-32","TEM PAGINA ""SEJA PARCEIRO"" E ""TRABALHE CONOSCO"" - dois canais de entrada. Clientes: DHL, Avon, Bemol.",Site institucional (extracao Tavily)
C021,André Ragnini Sociedade de Advogados,Cacoal,RO,E-MAIL,contato@andreragnini.com.br,Parceria entre escritorios e correspondencia,,https://andreragnini.com.br/,"Tel (69) 99960-1224 | Av. Belo Horizonte, 2.297, Cacoal/RO | Dr. Andre Bonifacio Queiroz Ragnini","20+ anos em Cacoal. Atua em trabalhista, empresarial, tributario e previdenciario.",Site institucional (extracao Tavily)
C022,Ultreia Contábil,Brasília,DF,E-MAIL,assessoria@ultreiacontabil.com.br,Parceria contabil-juridica,,https://ultreiacontabil.com.br/,Tel (61) 99694-5756,"ATENDE ADVOGADOS como especialidade declarada, e faz Planejamento e Recuperacao Tributaria - parceria natural na sua area tributaria.",Site institucional (extracao Tavily)
C023,LS Correspondente Jurídico,Manaus,AM,E-MAIL,contato@lscorrespondentejuridico.com.br,Cadastro no banco de correspondentes - parceria autonoma,,https://lscorrespondentejuridico.com.br/seja-nosso-parceiro/,"Celular 92 98109-9962 | Rua 25, 982, Parque Dez de Novembro, Manaus/AM, CEP 69055-430","PAGINA ""SEJA NOSSO PARCEIRO"" com texto expresso: buscam alianca com advogados nao efetivos, em regime AUTONOMO e NAO EXCLUSIVO, encaminhando servicos de correspondente e clientes para trabalho conjunto. Regiao Norte.",Site institucional (extracao Tavily)
C024,Meu Correspondente Jurídico (Activeline),Não informado,BR,E-MAIL,contato@activeline.com.br,Cadastro gratuito como correspondente em RO,,https://meucorrespondentejuridico.com.br/,-,"Cadastro TOTALMENTE GRATUITO, sem taxas. Abrangencia de comarcas definida por voce, ilimitada. Notificacoes de demanda por e-mail, telefone ou WhatsApp.",Site institucional (extracao Tavily)
C025,Diligeiro (Tikal Tech),São Paulo,SP,E-MAIL,contato@tikal.tech,Cadastro na rede de correspondentes,,https://www.diligeiro.com.br/,"Av. Queiroz Filho, 1700, Sao Paulo/SP | CNPJ 22.125.577/0001-62","Rede de profissionais do Direito com oportunidades de servico EM TODO O BRASIL. Site em manutencao, mas o formulario de contato esta ativo - deixe nome, e-mail, WhatsApp e mensagem.",Site institucional (extracao Tavily)
C026,ADVBOX,Florianópolis,SC,E-MAIL,relacionamento@advbox.com.br,Cadastro / parceria / trabalhe conosco,,https://www.advbox.com.br/,"Square Corporate Center, Sala 226, Florianopolis/SC | CNPJ 30.750.260/0001-45",Legaltech de gestao e CONTROLADORIA JURIDICA com base de escritorios clientes. Tem pagina TRABALHE CONOSCO. Porta de entrada para a rede de escritorios que usam a plataforma.,Site institucional (extracao Tavily)
C027,Trajano Neto & Paciornik Advogados (TNP),Curitiba,PR,E-MAIL,contato@tnp.adv.br,Correspondencia na rede de coligados - comarcas de RO,,https://tnp.adv.br/novosite/gestao-do-contencioso-de-massa/,"0800 575 0011 | +55 41 3075-5020 | Euripedes Garcez do Nascimento, 549, Ahu, Curitiba/PR","ALVO NUMERO 1 DE CORRESPONDENCIA: area declarada de GESTAO DO CONTENCIOSO DE MASSA operando com ""REDE DE COLIGADOS EM TODO BRASIL"". Unidades: Brasilia, Natal, Sao Luis, Guarapuava, Florianopolis, Sao Paulo, Fortaleza - NENHUMA NO NORTE. Rondonia e buraco na malha deles.",Site institucional (extracao Tavily)
C028,GAMAA - Advocacia de Bancos & Empresas,Belo Horizonte,MG,E-MAIL,contato@gamaa.com.br,Parceria e correspondencia em RO,,https://gamaa.com.br/,"Tel (31) 3274-9120 | R. Sao Paulo, 1071, 10o andar, Bloco B, Centro, BH/MG | Gilberto Miranda (proprietario)","TEXTO DO PROPRIO SITE: ""firmou parcerias com diversos escritorios de advogados do pais e POSSUI VARIOS CORRESPONDENTES no interior do estado de Minas Gerais"". Ja usam o modelo. Clientes: Santander, Azul, BRF, Danone, Pernambucanas, Leroy Merlin. Tem pagina PARCEIROS.",Site institucional (extracao Tavily)
C029,R. Barreto Advogados,São Paulo,SP,E-MAIL,rbarreto@rbarreto.adv.br,Correspondencia e audiencias em RO,,https://www.rbarreto.adv.br/,"Tel (11) 3044-2293 | Av. Nove de Julho, 4254, Jardim Paulista, Sao Paulo/SP","Numeros do proprio site: +22.000 acoes contrarias, +4.000 processos de recuperacao de credito, R$ 80 milhoes recuperados. ATENDEM TODO O BRASIL DE FORMA REMOTA - precisam de gente em campo nas comarcas.",Site institucional (extracao Tavily)
C030,Marcelo Tostes Advogados - contato geral,Belo Horizonte,MG,E-MAIL,contato@mtostes.com.br,Correspondencia em RO / candidatura,,https://mtostes.com.br/,"Unidades e telefones: SP (11) 4837-3400, BH (31) 4501-4100, Porto Alegre (51) 3103-4901, Vitoria (27) 3345-1999, Brasilia (61) 3225-4774, Rio de Janeiro, Florianopolis","SEGUNDO E-MAIL da banca (o outro e recrutamento@mtostes.com.br). Area declarada ""Contencioso Escala"" e ""Service, Backoffice & Gestao de Dados"". Nenhuma unidade no Norte.",Site institucional (extracao Tavily)
C031,CMP Prev Advocacia,Florianópolis,SC,E-MAIL,cmpprev@cmpprev.com.br,Correspondencia previdenciaria em RO,,https://cmpprev.com.br/,"0800 025 5009 (Juridico) | (48) 3025-5008 | WhatsApp (48) 7602-0501 | R. Jeronimo Coelho, 170, sala 1001, Centro, Florianopolis/SC","ATENDE SEGURADOS DO INSS EM TODO O BRASIL, +25.000 casos. Escritorio oficial do SIMESC. Atuacao nacional sem estrutura local = precisam de correspondente para pericias e audiencias no JEF.",Site institucional (extracao Tavily)
C032,SSantos Advogados,Curitiba,PR,E-MAIL,advocacia@ssantos.adv.br,Correspondencia previdenciaria em RO,,https://ssantos.adv.br/,"(41) 3023-1498 principal | (41) 98850-9639 comercial | Rua Emiliano Perneta, 680, 5o andar, Centro, Curitiba-PR","Presenca fisica em 6 ESTADOS (PR, SP, ES, BA, SP-Santos) e parceiros estrategicos em outros. 23 anos em revisao de aposentadoria. Parceria com +10 associacoes de aposentados. Norte descoberto.",Site institucional (extracao Tavily)
C033,Gilmar Araujo da Costa Advocacia,Manaus,AM,E-MAIL,gac.advogado89@gmail.com,Correspondencia em RO - consumidor e bancario,,https://gilmararaujoadvocacia.com.br/,"Tel (92) 98441-1276 | R. Rio Tarauaca, 36, Nossa Sra. das Gracas, Manaus-AM | CNPJ 46.366.996/0001-54","Atuacao declarada EM TODO O BRASIL em consumidor e bancario: cartao RMC, consignado nao solicitado, juros abusivos, negativacao indevida. Mesmas teses que voce domina. Regiao Norte.",Site institucional (extracao Tavily)
C034,OAB/RO - Seccional Rondônia,Porto Velho,RO,E-MAIL,gerencia@oab-ro.org.br,"Convenios, credenciamentos e assistencia judiciaria",,https://www.oab-ro.org.br/,"Tel (69) 3217-2100 / (69) 3217-2101 | Rua Paulo Leal, 1300, N. Sra. das Gracas, Porto Velho/RO | Outros e-mails publicados: presidencia@oab-ro.org.br, procuradoria@oab-ro.org.br, protocolo@oab-ro.org.br, ouvidoria@oab-ro.org.br, imprensa@oab-ro.org.br","CANAL INSTITUCIONAL: a seccional divulga credenciamentos, convenios de assistencia judiciaria e editais. Vale perguntar pela lista de conveniados e pelo cadastro de dativos.",Site institucional (extracao Tavily)
C035,Parra Advogados,São Paulo,SP,E-MAIL,contato@parraadvogados.com.br,Correspondencia em saude e securitario em RO,,https://www.parraadvogados.com.br/,"Tel (11) 2092-8728 / (11) 94529-1615 | R. Nova Jerusalem, 740, sala 1, Chacara Santo Antonio, Sao Paulo/SP | OAB/SP 18.155","ENCAIXE PERFEITO: o site diz que prestam servico ""com atendimento em TODO BRASIL, presencial ou virtual, MEDIANTE CONTRATACAO POR SERVICO ou assessoria mensal"". E o modelo de correspondente descrito com outras palavras. Especialistas em liminares contra planos de saude - sua area.",Site institucional (extracao Tavily)
C036,Cardoso Advocacia,Salvador,BA,E-MAIL,contato@cardosoadvocacia.com.br,Correspondencia em saude nas comarcas de RO,,https://cardosoadvocacia.com.br/,"Tel (71) 99695-0180 / (71) 3034-3159 | Sede Salvador/BA + unidade Pinheiros, Sao Paulo/SP | CNPJ 15.176.644/0001-02 | OAB/BA 2056/2011","Texto do site: ""ATUAMOS NO BRASIL INTEIRO - estamos presentes em MAIS DE 21 ESTADOS"". Planos de saude. Operacao nacional a distancia precisa de gente nas comarcas.",Site institucional (extracao Tavily)
C037,Delgado Azevedo Advogados,Brasília,DF,E-MAIL,contato@delgadoazevedo.com.br,Correspondencia em saude nas comarcas de RO,,https://www.delgadoazevedo.com.br/,Tel (61) 99955-8009 | Gabriel Espindola de Souza OAB-DF 71.982,"Declaram ATUACAO NACIONAL e atendimento 24 horas, em todos os tribunais do Brasil. Liminar, home care, negativa de medicamento e internacao - teses que voce ja domina.",Site institucional (extracao Tavily)
C038,Bueno Brandão Advocacia,São Paulo,SP,E-MAIL,contato@buenobrandao.adv.br,Correspondencia em saude nas comarcas de RO,,https://www.buenobrandao.adv.br/,"Tel (11) 3266-2067 | Alameda Casa Branca, 35, Cj. 510, Jd. Paulista, Sao Paulo/SP",Especializada em Direito Medico e da Saude com atuacao em todo o territorio nacional.,Site institucional (extracao Tavily)
C039,Campanella Advocacia,São Caetano do Sul,SP,E-MAIL,contato@campanellaadvocacia.com.br,Correspondencia em saude nas comarcas de RO,,https://campanellaadvocacia.com.br/,"WhatsApp (11) 98118-0334 | Tel (11) 4224-3769 / 2988-7681 | Rua Para, 139, Sala 304, Centro, Sao Caetano do Sul-SP","10+ anos em direito da saude: revisao de mensalidade por faixa etaria, home care, reembolso, erro medico e MEDICAMENTO DE ALTO CUSTO contra o SUS - exatamente o seu repertorio.",Site institucional (extracao Tavily)
C040,Gantus Advogados Associados,São Paulo,SP,E-MAIL,contato@gantusadvogados.com.br,Correspondencia para a carteira de massa em RO,,https://gantusadvogados.com.br/,"Tel (11) 94924-8141 / (11) 3813-5211 | Alameda Joaquim Eugenio de Lima, 696, Jardins, Sao Paulo/SP | Filial em Brasilia/DF | Fundador: Guilherme Miguel Gantus",Area declarada de CONTENCIOSO DE MASSA e atuacao em TODO O TERRITORIO NACIONAL com apenas duas sedes (SP e DF). Dependem de correspondente fora do eixo.,Site institucional (extracao Tavily)
C041,LDCM Advogados,Rio de Janeiro,RJ,E-MAIL,contato@ldcm.com.br,"Correspondencia para carteiras de bancario, telecom e varejo",,https://www.ldcm.com.br/,"Tel RJ +55 21 3500-3990 | SP +55 11 4380-8626 | Av. Epitacio Pessoa, 1.274, Ipanema, RJ | Av. Brig. Faria Lima, 4.300, Vila Olimpia, SP | E-mail nominal publicado: bruno.barreto@ldcm.com.br","Boutique de disputas com carteira declarada em bancario, telecomunicacoes e varejo - os tres setores de maior contencioso de massa. So duas pracas.",Site institucional (extracao Tavily)
C042,Tomás de Souza Sociedade de Advocacia,Brasília,DF,E-MAIL,tomasdesouzaadvogados@gmail.com,Entrar na rede de advogados associados,,https://tomasdesouzaadvogados.com.br/,"Tel (61) 99221-1401 | Sede: SMPW Q22, Cj 01, Lote 07, Casa B, Park Way, Brasilia/DF | Unidade: Rua 122, 216, Setor Sul, Goiania/GO","TEXTO DO SITE: atuam ""com o APOIO DE UMA REDE DE ADVOGADOS ASSOCIADOS"". Ja operam no modelo. Atuacao em tribunais superiores e Justica Federal. So duas pracas.",Site institucional (extracao Tavily)
C043,Ribeiro & Feitoza Advogados,Manaus,AM,E-MAIL,contato@ribeiroefeitozaadvogados.com,Parceria e correspondencia na regiao Norte,,https://ribeiroefeitozaadvogados.com.br/,"Tel +55 92 99147-9179 | Avenida Getulio Vargas, 1222, Centro, Manaus/AM","12 anos, referencia no Amazonas. Atuam em consumidor, bancario, licitacoes e ESG. Regiao Norte - logistica e cultura processual iguais as de RO.",Site institucional (extracao Tavily)
C044,Juridigital (Drive Digital),Belo Horizonte,MG,E-MAIL,relacionamento@juridigital.com.br,Rede de BPO juridico e correspondencia,,https://www.juridigital.com.br/bpo-juridico/,WhatsApp (31) 99362-8269 | Belo Horizonte/MG | CNPJ 28.407.867/0001-85,Produzem conteudo sobre BPO juridico E sobre contratacao de correspondente juridico - conhecem e intermediam os dois mercados. Base de escritorios clientes.,Site institucional (extracao Tavily)
C045,Mind Consultoria de Gente e Gestão,Ji-Paraná,RO,WHATSAPP,(69) 99220-5249 / (69) 99962-7827,Advogado(a) Associado(a) - Trabalhista Patronal | Ambiental | Civil (PJ),2026-08-27,https://to.indeed.com/aadzhybh6yrx,"""Apos realizar sua candidatura pelo site da Solides, envie uma mensagem no WhatsApp: (69) 99220-5249 / (69) 99962-7827. Informar: seu nome + vaga para a qual se candidatou""","NA SUA CIDADE. Contrato de associacao PJ, R$ 2.500 + bonificacoes. O anuncio diz que NAO buscam perfil de previdenciario - enfatize trabalhista patronal, ambiental e civel.",Descricao completa da vaga no Indeed (get_job_details)
C046,Roque & Lima Advocacia,Cacoal,RO,WHATSAPP,(69) 98154-8887 / (69) 98428-1401,Parceria entre escritorios,,https://roqueelimaadvocacia.com.br/sobre/,"Rua Rio Branco, 2462, Centro, Cacoal/RO | Socios: Dr. Altemir Roque (OAB 1.311), Dra. Cristiane Rodrigues Lima (OAB/RO 7.220), Larissa H Roque (OAB/RO 13.210)","ATENCAO: o e-mail do site e hi@example.com - placeholder de template, NAO usar. Contato real e o WhatsApp. Especialistas em Direito Medico e da Saude e Previdenciario - suas areas.",Site institucional (extracao Tavily)
C047,JurisConnect,São Paulo,SP,WHATSAPP,(11) 98201-4321,Cadastro como correspondente - sem mensalidade,,https://www.jurisconnect.com.br/,Tel e WhatsApp (11) 98201-4321 | JurisConnect Ltda,"CADASTRO GRATUITO, SEM MENSALIDADE - paga-se por demanda executada. Numeros do proprio site (14/09/2026): 3.044 demandas em 12 meses, 2.669 concluidas, 988 correspondentes com OAB. Tem pagina propria de cadastro de correspondente.",Site institucional (extracao Tavily)
C048,Reis Advogados Associados,Uberlândia,MG,PORTAL,https://reisadvogados.vagas.solides.com.br/vaga/915401,Assistente de Controladoria Juridica (PJ),2026-09-11,https://to.indeed.com/aay7xrjqdxpw,"""REALIZAR CANDIDATURA NO LINK: https://reisadvogados.vagas.solides.com.br/vaga/915401""","Candidatura so pelo link proprio, nao pelo Indeed.",Descricao completa da vaga no Indeed (get_job_details)
C049,Migalhas Correspondentes,São Paulo,SP,PORTAL,https://correspondentes.migalhas.com.br/,Cadastro como correspondente em RO,,https://correspondentes.migalhas.com.br/,"Planos: R$ 47/mes (4 meses) ate R$ 28,58/mes (24 meses)","IMPORTANTE: tem secao ""PRECISAMOS DE CORRESPONDENTES"" listando as cidades com solicitacao de servico e SEM correspondente cadastrado. Vale checar se alguma comarca de RO esta nessa lista - entrada com demanda garantida.",Site institucional (extracao Tavily)
C050,Correspondentes na Web,Não informado,BR,PORTAL,https://correspondentesnaweb.com.br/cadastro.html,Cadastro gratuito como correspondente,,https://correspondentesnaweb.com.br/cadastro.html,CNPJ 19.770.735/0001-22,"CADASTRO BASICO GRATUITO. No formulario da para marcar os servicos: copias e protocolos, audiencias, e servicos em cartorios e prefeitura.",Site institucional (extracao Tavily)
C051,Juris Correspondente,Não informado,BR,PORTAL,https://www.juriscorrespondente.com.br/seja-correspondente-juridico,Cadastro gratuito como correspondente,,https://www.juriscorrespondente.com.br/seja-correspondente-juridico,-,"CADASTRO BASICO GRATUITO, planos pagos so ampliam visibilidade. Qualquer advogado com OAB pode se cadastrar.",Site institucional (extracao Tavily)
C052,Correspondente.com.br,Não informado,BR,PORTAL,https://correspondente.com.br/,Cadastro como prestador na plataforma,,https://correspondente.com.br/,-,"Rede de mais de 20 mil prestadores. Fornece advogados para audiencias trabalhistas e civeis, presenciais e virtuais, alem de diligencias e protocolos.",Site institucional (extracao Tavily)
C053,Brasil Correspondentes,Não informado,BR,PORTAL,https://www.brasilcorrespondentes.com.br/,Cadastro como correspondente,,https://www.brasilcorrespondentes.com.br/,"Planos a partir de R$ 14,98/mes","Cadastro permite oferecer servicos em ate 3 cidades. Contato direto entre as partes, sem intermediario.",Site institucional (extracao Tavily)
C054,Jusbrasil - Diretório de Advogados,Salvador,BA,PORTAL,https://www.jusbrasil.com.br/advogados,Cadastro gratuito no diretorio nacional,,https://www.jusbrasil.com.br/advogados,"""E gratis e rapido se cadastrar""","RENDA EXTRA: maior portal juridico do pais. Cadastro GRATUITO no diretorio gera contato direto de clientes. Depoimento no proprio site: advogada relata atender 99% dos casos sem reuniao presencial, so por telefone.",Site institucional (extracao Tavily)
C055,Jurídico Certo,Não informado,BR,PORTAL,https://www.juridicocerto.com/cadastro-advogados-correspondentes-juridicos,Cadastro como correspondente,,https://www.juridicocerto.com/cadastro-advogados-correspondentes-juridicos,"Plano Premium a partir de R$ 49/mes (anual). Cadastro inicial pede nome, e-mail profissional e senha","Tem o ""Juridico Pag"", que garante previsibilidade de recebimento. Algoritmo encaminha demandas proximas da sua localizacao. App avisa nova demanda.",Site institucional (extracao Tavily)
C056,Via Justa (Justto),Não informado,BR,PORTAL,https://www.justto.com.br/,Cadastro na area do advogado,,https://www.justto.com.br/,"""Area do advogado: encontre oportunidades qualificadas compativeis com sua area de atuacao""","Plataforma que recebe o problema do cidadao, faz a triagem e encaminha para advogado. Verifica OAB. Nao exige que o advogado seja da cidade do cliente - serve para atuacao remota.",Site institucional (extracao Tavily)
C057,GetNinjas,São Paulo,SP,PORTAL,https://www.getninjas.com.br/,Cadastro como profissional (categoria Consultoria/Juridico),,https://www.getninjas.com.br/,"Rua Dr. Fernandes Coelho, 85, 3o andar, Sao Paulo/SP | CNPJ 55.744.877/0001-89","Marketplace de servicos com area ""Seja um profissional"". Categoria Consultoria abrange servicos juridicos. Cliente vem por demanda.",Site institucional (extracao Tavily)
C058,Workana,Não informado,BR,PORTAL,https://www.workana.com/pt,Cadastro como freelancer juridico,,https://www.workana.com/pt,Workana LLC | recebimento em moeda local OU EM DOLAR,"RENDA EXTRA EM DOLAR: maior plataforma de freelance da America Latina. Projetos por objetivo ou por hora. Serve para elaboracao de pecas, pareceres e analise documental a distancia.",Site institucional (extracao Tavily)
C059,MBT Advogados Associados,Ji-Paraná,RO,TELEFONE,+55 69 3421 3130,Parceria entre escritorios,,https://mbtadvocacia.com.br/,"Sede em Ji-Parana, filiais em Porto Velho e Vilhena","NA SUA CIDADE. O site tem pagina VAGAS e pagina CONTATO - vale abrir. Areas: civil, trabalhista, ambiental, tributario, administrativo, cooperativo. Faz recuperacao judicial e falencias.",Site institucional (extracao Tavily)
C060,Galvão & Silva Advocacia,Porto Velho,RO,TELEFONE,0800 212 1700,Correspondencia nas comarcas do interior de RO,,https://www.galvaoesilva.com/escritorio-de-advocacia-em-porto-velho-ro/,CNPJ 22.889.244/0001-00 | OAB/DF 2609/15,Banca nacional com unidade em Porto Velho. Tem pagina BANCO DE TALENTOS - caminho de entrada.,Site institucional (extracao Tavily)
C061,Rede Hospitalar Samar,Porto Velho,RO,TELEFONE,0800 033 0393,Contencioso de saude e trabalhista,,https://hospitalsamar.com.br/,"Unidades em Porto Velho, Cacoal e Ji-Parana",Maior rede hospitalar de RO. Tem pagina TRABALHE CONOSCO e pagina PARCEIROS.,Site institucional (extracao Tavily)
C062,Voo Transportes,Ji-Paraná,RO,TELEFONE,(69) 9908-1757,Assessoria trabalhista e civel,,https://www.vootransportes.com.br/,"Unidades: Ji-Parana (69) 9908-1757, Pimenta Bueno (69) 99226-5040, Porto Velho (69) 9983-0113, Rio Branco (68) 9232-9905, Guarulhos/SP (11) 2446-4276",Unidade em Ji-Parana desde a fundacao. Sem e-mail no site.,Site institucional (extracao Tavily)
C063,Select Saúde (Select Operadora),Goiânia,GO,TELEFONE,0800 224 2808,Contencioso de saude suplementar,,https://selectoperadora.com.br/,"St. Oeste, Goiania-GO","TEM PAGINA ""SEJA UM CREDENCIADO"" E ""SEJA NOSSO PARCEIRO"" - canais formais de entrada. Opera em Porto Velho e Ji-Parana.",Site institucional (extracao Tavily)
C064,Nosso Direito - Diretório de Parceiros,Não informado,BR,FORMULARIO,https://nossodireito.com/parceiros,Cadastro gratuito no diretorio previdenciario nacional,,https://nossodireito.com/parceiros,"Formulario pede: nome, OAB, email, WhatsApp, cidade, UF, area principal e volume mensal de casos","RENDA EXTRA DIRETA: cadastro GRATUITO, ABRANGENCIA NACIONAL, conecta REQUERENTES PREVIDENCIARIOS de todo o pais a advogados. Previdenciario e sua area principal. Faca hoje.",Site institucional (extracao Tavily)
C065,Radar Gestão para Advogados - Banco de Talentos,Não informado,BR,FORMULARIO,https://radardagestao.com.br/vagas,Cadastro no banco de talentos - vagas remotas nacionais,,https://radardagestao.com.br/vagas,"""Cadastre-se em nosso Banco de Talentos"" | Recrutam para escritorios e departamentos juridicos em TODO O TERRITORIO NACIONAL, vagas presenciais E REMOTAS",Recrutadora especializada so em juridico. Cadastro no banco de talentos alimenta vagas remotas de todo o pais.,Site institucional (extracao Tavily)
C066,Intelligenti Stefanini - Locação de Headcounts,São Paulo,SP,FORMULARIO,https://www.intelligenti.com.br/solucoes/bpo-juridico,Alocacao como profissional juridico (headcount),,https://www.intelligenti.com.br/solucoes/bpo-juridico,"Av. Eusebio Matoso, 1375, Sao Paulo/SP | Grupo Stefanini","MODELO IDEAL PARA RENDA EXTRA: tem servico declarado de ""LOCACAO DE HEADCOUNTS - acesso rapido e flexivel a profissionais qualificados do setor juridico"". Eles alocam advogados sob demanda. Ofereca-se como headcount disponivel.",Site institucional (extracao Tavily)
C067,Lima & Pegolo Advogados (LPADV),Não informado,BR,FORMULARIO,https://limaepegolo.com.br/seja-um-parceiro/,Parceria com plataforma e teses prontas,,https://limaepegolo.com.br/seja-um-parceiro/,"Formulario na pagina ""Seja um Parceiro""","MODELO INTERESSANTE: voce capta o cliente, eles assumem o trabalho tecnico. Texto do site: ""uma vez validada a nova contratacao, TODO O TRABALHO SERA NOSSO"". Da acesso a area restrita com teses do escritorio. Renda sem carga processual.",Site institucional (extracao Tavily)
C068,Escobar Advogados - Programa de Parcerias,Goiânia,GO,TELEFONE,(62) 3280-9271,Programa de parcerias previdenciario,,https://escobaradvogados.com/parcerias/,Responsavel: Dra. Ana Lara | Parceiro recebe relatorios mensais e reunioes trimestrais,"ATENCAO: 1a fase limitada a GOIAS, expansao nacional prevista para a 2a etapa. Vale registrar interesse agora para entrar na expansao. Foco em beneficios do INSS.",Site institucional (extracao Tavily)
C069,Souza Cruz Advogados - BPO Jurídico,Não informado,BR,FORMULARIO,https://souzacruz.adv.br/bpo-juridico/,Prestacao de servico para a operacao de BPO trabalhista,,https://souzacruz.adv.br/bpo-juridico/,Contato pelo site com a Dra. Mariana Cruz,"BPO trabalhista que atende escritorios e departamentos juridicos: controladoria, gestao de prazos, acompanhamento processual, elaboracao de pecas e sustentacoes. Eles COMPRAM o servico que voce vende.",Site institucional (extracao Tavily)
C070,CSilva Sociedade de Advogados (BPO.CS),Não informado,BR,FORMULARIO,https://csilvaadv.com.br/terceirizacao-de-servicos-juridicos/,Prestacao de servico para a operacao de BPO,,https://csilvaadv.com.br/terceirizacao-de-servicos-juridicos/,Contato via WhatsApp pelo site,Escritorio especializado em BPO Juridico para empresas de todos os portes.,Site institucional (extracao Tavily)
C071,"ABL Advogados (Aith, Badari e Luchin)",Santo André,SP,FORMULARIO,https://abladvogados.com/,Parceria previdenciaria - pagina PARA ADVOGADOS,,https://abladvogados.com/,"Matriz Santo Andre/SP (11) 4509-4697 | filiais: Piracaia, Extrema/MG, Rio Claro 0800 707 4697, Mogi Mirim, Santos, Atibaia, Assis, Estiva Gerbi","TEM MENU ""PARA ADVOGADOS"" E ""TRABALHE CONOSCO"" - canal especifico para parceria entre advogados. +90 profissionais so em previdenciario. Todas as filiais no Sudeste - Norte descoberto.",Site institucional (extracao Tavily)
C072,Vitorino & Murta Advogados,Manaus,AM,FORMULARIO,https://vitorinoemurta.com.br/,Correspondencia bancaria em RO,,https://vitorinoemurta.com.br/escritorio-em-manaus/,"Contato por WhatsApp pelo site | Escritorios em Manaus, Sao Paulo, Brasilia, Florianopolis e Vila Velha","Maior banca de direito bancario do Norte. Atua em gestao de passivos bancarios e tributarios e execucao fiscal. Cinco pracas, nenhuma em RO.",Site institucional (extracao Tavily)
C073,Zveiter Advogados,Rio de Janeiro,RJ,TELEFONE,55 (21) 3380-1155,Correspondencia para as carteiras de massa,,https://zveiter.com.br/,"Av. Presidente Antonio Carlos, 51, 19o e 20o andares, Centro, Rio de Janeiro/RJ | Fundado em 1957","67 anos. Atua em contencioso de massa, saude suplementar, recuperacao judicial e falencias. Conduz as RJs do Grupo Petropolis e Grupo Americanas - carteiras com credores no pais inteiro.",Site institucional (extracao Tavily)
C074,SA Law Advogados,São Paulo,SP,TELEFONE,+55 (11) 3288-6060,Correspondencia e candidatura (pagina Careers),,https://salaw.com.br/,"SP: Av. Brig. Faria Lima, 3311, 3o andar, (11) 3288-6060 | RJ: Av. Rio Branco, 151, 5o andar, (21) 3553-1707",Tem pagina CAREERS. Area declarada de Strategic Litigation and Arbitration.,Site institucional (extracao Tavily)
C075,Carbonera & Tomazini Advogados,Gravataí,RS,FORMULARIO,https://www.carboneraetomazini.com.br/,PARCERIA EM DIREITO PREVIDENCIARIO (pagina propria),,https://www.carboneraetomazini.com.br/,"Matriz Gravatai/RS (51) 3933-6733 | Filiais: Joinville (47) 3028-8555 e (47) 3017-5941, Rio Grande (53) 3035-3615, Fortaleza (85) 3032-4886 e (85) 3122-3878 | Escritorio Digital: (51) 3424-3615, (51) 99726-5382, (51) 99667-0941, (51) 99881-3738, (85) 98823-8227, (47) 98924-3140, (53) 99130-4900 | CNPJ 20.920.282/0001-52","MELHOR ACHADO DA RODADA: o menu do site tem item proprio ""PARCERIA EM DIREITO PREVIDENCIARIO"" e tambem ""Trabalhe Conosco"". Atendem todo o Brasil pelo Escritorio Digital. OAB/RS 5.067 e OAB/SC 4.029. Previdenciario e sua area principal.",Site institucional (extracao Tavily)
C076,Bocchi Advogados Associados,Ribeirão Preto,SP,TELEFONE,0800 000 3373,Correspondencia previdenciaria em RO,,https://bocchiadvogados.com.br/,"Rua Amador Bueno, 800, Ribeirao Preto/SP","50+ anos em previdenciario, trabalhista e civel. Texto do site: ""fornecemos servicos juridicos para clientes de TODO BRASIL E DO MUNDO"". Uma sede so - dependem de apoio local.",Site institucional (extracao Tavily)
C077,Koetz Advocacia,Porto Alegre,RS,FORMULARIO,https://koetzadvocacia.com.br/,Correspondencia previdenciaria em RO,,https://koetzadvocacia.com.br/,"Contato pelo site | Eduardo Koetz (fundador), Murilo Mella (CEO)","""Atendemos ONLINE qualquer pessoa em QUALQUER LUGAR DO MUNDO"". Aposentadoria complexa e internacional. Operacao 100% digital precisa de presenca fisica para pericia e audiencia no JEF.",Site institucional (extracao Tavily)
C078,RS Advocacia Previdenciária (Ribeiro e Silva),São Paulo,SP,TELEFONE,(11) 4210-0217,Correspondencia previdenciaria em RO,,https://rsadvocaciaprevidenciaria.com.br/,"Telefone e WhatsApp (11) 4210-0217 | Av. Paulista, 1.106, 16o andar, Sala 1 | Unidade Mooca: Rua Ipanema, 80 | CNPJ 55.065.755/0001-10","Atuam desde 2012 so em previdenciario, com CONSULTA ONLINE PARA TODO O BRASIL. BPC/LOAS, incapacidade, pensao por morte e revisoes - demandas do JEF de Ji-Parana.",Site institucional (extracao Tavily)
C079,Parish & Zenandro Advogados,Salvador,BA,FORMULARIO,https://pz.adv.br/,Correspondencia previdenciaria e do servidor,,https://pz.adv.br/,"Matriz Salvador: Rua Frederico Simoes, 153, 13o andar, Caminho das Arvores | Unidades: Serrinha, Monte Gordo/Camacari, Retirolandia, Sao Goncalo dos Campos, Santaluz, Camacari, Feira de Santana","88 PROFISSIONAIS na equipe juridica, todos concentrados na Bahia. Previdenciario, consumidor e trabalhista. Expansao para fora do estado exigiria parceiro local.",Site institucional (extracao Tavily)
C080,"Medina, Ribeiro & Aguiar Advogados (MRA)",Manaus,AM,TELEFONE,(92) 3242-0464,Correspondencia na regiao Norte,,https://www.medinaeribeiro.com/,"Forum Business Center, Sala 1702, Av. Andre Araujo, 97, Adrianopolis, Manaus/AM","Full service empresarial no Amazonas, consultivo e contencioso. Regiao Norte.",Site institucional (extracao Tavily)
C081,Ehts Consulting,Não informado,BR,FORMULARIO,https://ehts.com.br/quem-somos/,Prestacao de servico em legal operations,,https://ehts.com.br/quem-somos/,Contato pelo site e WhatsApp,"Top 10 LegalTech do Brasil (Ranking 100 Open Startups). Clientes: Petrobras, Porto Seguro, Eurofarma, Renner, Centauro, Nike, Airbnb. Legal Operations e Analytics Juridico - carteiras enormes que precisam de maos.",Site institucional (extracao Tavily)
