ID,Nome da organizacao,Tipo da organizacao,Cidade,Estado,Site,Area de atuacao,Nome do contato,Cargo do contato,E-mail principal,E-mail secundario,Telefone institucional,WhatsApp institucional,LinkedIn da organizacao,Pagina de contato,Fonte onde o e-mail foi encontrado,URL da fonte,Data da verificacao,Motivo pelo qual pode contratar um advogado,Tipo de servico que provavelmente necessita,Indicio de contratacao ou terceirizacao,Permite trabalho remoto?,Utiliza correspondentes?,Possui atuacao nacional?,Score 0-100,Prioridade,Sugestao de abordagem,Observacoes,STATUS DO CONTATO
L0001,Banco do Brasil S/A,Banco público,Brasília,DF,,"Bancário, recuperação de crédito, contencioso de massa",,,,,,,,,WebSearch - OAB-PE / OAB-MT / Jusbrasil,,2026-09-18,Maior litigante bancário do país; mantém credenciamento público e recorrente de sociedades de advogados por edital,"Contencioso bancário, execução, correspondência em comarcas de RO",Editais de credenciamento de sociedades de advogados divulgados pelas seccionais da OAB,Nao verificado,Sim,Sim,96,A,Monitorar e habilitar-se no edital de credenciamento; sociedade de advogados em RO cobre comarcas do interior,Credenciamento por edital - exige sociedade regularmente constituida,E-MAIL NAO COLETADO - egresso de rede bloqueado nesta sessao
L0002,NELSON WILIANS & ADVOGADOS ASSOCIADOS,Escritório de advocacia (atuação nacional),Porto Velho,RO,,"Contencioso de massa, bancário, consumidor",,,,,,,,,Indeed Job Search API (via MCP Indeed),https://to.indeed.com/aac74727vnrf,2026-09-18,Banca de atuação nacional com unidade em Porto Velho; perfil clássico de contencioso de massa que opera com correspondentes e advogados associados em todo o país,"Correspondência jurídica, audiências, diligências, peças em massa, acompanhamento processual",Vaga publicada em 2026-09-02: Consultor de Negócios,Sim,Nao verificado,Sim,95,A,"Apresentar-se como correspondente/associado em Rondônia (Ji-Paraná e comarcas do interior), com foco em audiências e diligências","Vaga anunciada é comercial, mas confirma presença ativa da banca em Porto Velho",E-MAIL NAO COLETADO - egresso de rede bloqueado nesta sessao
L0003,Porto Seguro,Seguradora,São Paulo,SP,https://www.portoseguro.com.br/consulta-de-clientes/credenciamento-de-advogados,"Securitario, cível, consumidor",,,,,,,,https://www.portoseguro.com.br/consulta-de-clientes/credenciamento-de-advogados,WebSearch - portoseguro.com.br,https://www.portoseguro.com.br/consulta-de-clientes/credenciamento-de-advogados,2026-09-18,Seguradora nacional com pagina institucional propria de CREDENCIAMENTO DE ADVOGADOS,"Contencioso securitario e cível, audiências e diligências em RO",Pagina oficial 'credenciamento de advogados' no site da seguradora,Nao verificado,Sim,Sim,95,A,"Solicitar credenciamento pela pagina oficial, ofertando cobertura das comarcas de Rondonia",Canal de credenciamento explicito e permanente,E-MAIL NAO COLETADO - egresso de rede bloqueado nesta sessao
L0004,FUNCEF - Fundacao dos Economiarios Federais,Fundo de pensao,Brasília,DF,https://www.funcef.com.br/credenciamento-escritorios-advocacia/,"Contencioso de massa, previdenciário complementar",,,,,,,,https://www.funcef.com.br/credenciamento-escritorios-advocacia/,WebSearch - funcef.com.br,https://www.funcef.com.br/credenciamento-escritorios-advocacia/,2026-09-18,"Realiza credenciamento de escritorios especializados em CONTENCIOSO DE MASSA e estrategico, formando cadastro com validade de 12 meses","Contencioso de massa, acompanhamento processual",Pagina institucional dedicada a credenciamento de escritorios de advocacia,Nao verificado,Sim,Sim,94,A,Acompanhar abertura do proximo credenciamento e habilitar-se na faixa de contencioso de massa,Credenciamento tem validade de 12 meses - verificar janela atual,E-MAIL NAO COLETADO - egresso de rede bloqueado nesta sessao
L0005,CREFISA E EMPRESAS PARCEIRAS,Instituição financeira,São Paulo,SP,,"Contencioso cível, bancário, consumidor",,,,,,,,,Indeed Job Search API (via MCP Indeed),https://to.indeed.com/aaz9k8qzwbqt,2026-09-18,Financeira com carteira nacional e altíssimo volume de contencioso cível/consumerista; usa correspondentes em todas as comarcas,"Contencioso de massa, audiências, correspondência jurídica em RO",Vaga publicada em 2026-09-15: Advogado(a) Cível Júnior - Contencioso,Não informado,Nao verificado,Sim,93,A,Ofertar correspondência e audiências em Rondônia + disponibilidade para contencioso bancário/consumidor,Vaga recente (set/2026) confirma expansão da equipe de contencioso,E-MAIL NAO COLETADO - egresso de rede bloqueado nesta sessao
L0006,Marcelo Tostes Advogados,Escritório de advocacia (grande porte nacional),Belo Horizonte,MG,https://mtostes.com.br/cobrancas-recuperacoes-de-credito/,"Cobrança, recuperação de crédito, contencioso de massa bancário",,,,,,,,https://mtostes.com.br/cobrancas-recuperacoes-de-credito/,WebSearch - mtostes.com.br,https://mtostes.com.br/cobrancas-recuperacoes-de-credito/,2026-09-18,Banca de contencioso de massa e recuperacao de credito com atuacao nacional; modelo que depende de correspondentes em todas as comarcas,"Correspondência jurídica, audiências, diligências, peças em massa",Area de atuacao dedicada a cobrancas e recuperacao de credito em escala nacional,Nao verificado,Provavel,Sim,93,A,Propor cadastro como correspondente/parceiro em Rondonia para audiências e diligências,Perfil de banca que mais contrata correspondente no Brasil,E-MAIL NAO COLETADO - egresso de rede bloqueado nesta sessao
L0007,Mind Consultoria de Gente e Gestão,Empresa de RH / recrutamento,Ji-Paraná,RO,,"Trabalhista patronal, ambiental, civil",,,,,,,,,Indeed Job Search API (via MCP Indeed),https://to.indeed.com/aadlc47kklrh,2026-09-18,Recruta advogado associado em regime PJ para escritório em Ji-Paraná: indício explícito de contratação de associado,"Advogado associado, contencioso civil e trabalhista",Vaga publicada em 2026-08-27: Advogado(a) Associado(a) - Trabalhista Patronal | Ambiental | Civil,Não informado,Nao verificado,Não,92,A,Candidatar-se como advogado associado PJ; pedir cadastro no banco de talentos jurídico da consultoria,Regime Autônomo/PJ declarado na vaga,E-MAIL NAO COLETADO - egresso de rede bloqueado nesta sessao
L0008,LOIT CONTABILIDADE SOCIETARIA E TRIBUTARIA LTDA,Escritório de contabilidade,Ji-Paraná,RO,,Trabalhista,,,,,,,,,Indeed Job Search API (via MCP Indeed),https://to.indeed.com/aa7zjttrm4fx,2026-09-18,Vaga jurídica aberta na cidade-sede do Lucas; contabilidade com demanda trabalhista recorrente,"Trabalhista, contencioso, audiências",Vaga publicada em 2026-08-31: Advogado Trabalhista,Não informado,Nao verificado,Não,90,A,Candidatar-se e propor parceria como jurídico terceirizado da carteira de clientes da contabilidade em Ji-Paraná,Prioridade máxima por proximidade geográfica,E-MAIL NAO COLETADO - egresso de rede bloqueado nesta sessao
L0009,digio,Banco digital / fintech,Barueri,SP,,"Contencioso bancário, consumidor",,,,,,,,,Indeed Job Search API (via MCP Indeed),https://to.indeed.com/aafnzvnxhg4f,2026-09-18,Banco digital com base nacional de clientes e contencioso consumerista disperso por todo o Brasil,"Contencioso de massa, correspondente em RO, audiências",Vaga publicada em 2026-09-03: Advogado Contencioso - Pleno,Não informado,Nao verificado,Sim,90,A,Ofertar rede de correspondência em Rondônia para audiências e diligências,Fintech com demanda típica de correspondentes,E-MAIL NAO COLETADO - egresso de rede bloqueado nesta sessao
L0010,Correspondente.com.br,Plataforma de correspondentes jurídicos,Não informado,BR,https://correspondente.com.br/,Correspondência jurídica,,,,,,,,https://correspondente.com.br/,WebSearch - correspondente.com.br,https://correspondente.com.br/,2026-09-18,Plataforma que conecta escritorios a prestadores qualificados em todo o Brasil - cadastro de correspondentes e o proprio negocio,"Correspondência, audiências, diligências",Plataforma de conexao entre escritorios e correspondentes,Sim,Sim,Sim,90,A,Cadastrar-se como correspondente cobrindo Ji-Parana e comarcas de RO,Fonte de demanda recorrente e passiva,E-MAIL NAO COLETADO - egresso de rede bloqueado nesta sessao
L0011,LS Correspondente Jurídico,Escritório / rede de correspondentes,Não informado,BR,https://lscorrespondentejuridico.com.br/seja-nosso-parceiro/,Correspondência jurídica,,,,,,,,https://lscorrespondentejuridico.com.br/seja-nosso-parceiro/,WebSearch - lscorrespondentejuridico.com.br,https://lscorrespondentejuridico.com.br/seja-nosso-parceiro/,2026-09-18,"Pagina 'SEJA NOSSO PARCEIRO' buscando aliancas com advogados nao permanentes, em regime autonomo e nao exclusivo","Correspondência, audiências, diligências",Frase institucional 'seja nosso parceiro' com cadastro de correspondentes,Sim,Sim,Sim,89,A,Cadastrar-se na base de correspondentes como parceiro autonomo em RO,Indicio explicito de contratacao,E-MAIL NAO COLETADO - egresso de rede bloqueado nesta sessao
L0012,Unicred,Cooperativa de crédito,Remoto,BR,,"Bancário, cível, recuperação de crédito",,,,,,,,,Indeed Job Search API (via MCP Indeed),https://to.indeed.com/aasrttnkhhfn,2026-09-18,Cooperativa de crédito com atuação nacional e vaga jurídica 100% remota: aceita prestação jurídica à distância,"Contencioso bancário, execução, apoio jurídico remoto",Vaga publicada em 2026-08-25: Advogado Jurídico Pleno,Sim,Nao verificado,Sim,88,A,Candidatar-se à vaga remota e ofertar cobertura de comarcas de RO,Vaga declarada Remoto,E-MAIL NAO COLETADO - egresso de rede bloqueado nesta sessao
L0013,Jorge Luz Advocacia,Escritório de advocacia,Não informado,BR,http://jorgeluzadv.com.br/sobre/,"Cobrança, recuperação de crédito bancário",,,,,,,,http://jorgeluzadv.com.br/sobre/,WebSearch - jorgeluzadv.com.br,http://jorgeluzadv.com.br/sobre/,2026-09-18,"Descrito como escritorio de cobranca credenciado das maiores instituicoes financeiras do Brasil, atuando desde 1980","Correspondência em comarcas de RO, execução, busca e apreensão",Atuacao credenciada junto a grandes bancos,Nao verificado,Provavel,Sim,88,A,Ofertar correspondência em Rondonia para a carteira bancária do escritório,-,E-MAIL NAO COLETADO - egresso de rede bloqueado nesta sessao
L0014,Jurídico Certo,Plataforma de correspondentes jurídicos,Não informado,BR,https://juridicocerto.com/cadastro-advogados-correspondentes-juridicos,Correspondência jurídica,,,,,,,,https://juridicocerto.com/cadastro-advogados-correspondentes-juridicos,WebSearch - juridicocerto.com,https://juridicocerto.com/cadastro-advogados-correspondentes-juridicos,2026-09-18,Diretorio e plataforma com pagina dedicada ao cadastro de advogados correspondentes,"Correspondência, diligências",Pagina de cadastro de correspondentes,Sim,Sim,Sim,88,A,Cadastrar-se cobrindo as comarcas de RO,Cadastro pode ser pago - verificar plano,E-MAIL NAO COLETADO - egresso de rede bloqueado nesta sessao
L0015,Juris Correspondente,Plataforma de correspondentes jurídicos,Não informado,BR,https://www.juriscorrespondente.com.br/seja-correspondente-juridico,Correspondência jurídica,,,,,,,,https://www.juriscorrespondente.com.br/seja-correspondente-juridico,WebSearch - juriscorrespondente.com.br,https://www.juriscorrespondente.com.br/seja-correspondente-juridico,2026-09-18,Plataforma com pagina 'Seja um Correspondente Juridico' e base de profissionais por cidade,"Correspondência, audiências",Pagina 'seja correspondente juridico',Sim,Sim,Sim,88,A,"Cadastrar-se cobrindo Ji-Parana, Porto Velho e interior",Registra 1.446 profissionais so em Porto Velho - mercado competitivo,E-MAIL NAO COLETADO - egresso de rede bloqueado nesta sessao
L0016,MBT Advogados Associados,Escritório de advocacia,Ji-Paraná,RO,https://mbtadvocacia.com.br/,"Direito geral, contencioso",,,,,,,,https://mbtadvocacia.com.br/,WebSearch - mbtadvocacia.com.br,https://mbtadvocacia.com.br/,2026-09-18,Banca sediada em JI-PARANA com filiais em Porto Velho e Vilhena - atende todo o estado e tem demanda de cobertura de comarcas,"Parceria local, apoio processual, audiências",Estrutura multi-comarca em RO,Nao verificado,Provavel,Nao,87,A,Propor parceria entre escritorios na propria cidade-sede do Lucas,Prioridade por proximidade - mesma cidade,E-MAIL NAO COLETADO - egresso de rede bloqueado nesta sessao
L0017,Iter,Legaltech,Não informado,BR,,"Contencioso tributário, gestão de passivo, execução fiscal",,,,,,,,,WebSearch - Economic News Brasil 16/09/2026,,2026-09-18,"Legaltech que automatiza contencioso tributario e gestao de passivo incluindo execucoes fiscais - o advogado decide, a plataforma prepara","Contencioso tributário, execução fiscal, análise processual",Modelo declarado depende de advogados atuando sobre o material preparado,Sim,Provavel,Sim,87,A,Ofertar-se como advogado da rede para contencioso tributario e execucao fiscal,Altissima aderencia a area tributaria do Lucas - noticia de set/2026,E-MAIL NAO COLETADO - egresso de rede bloqueado nesta sessao
L0018,Grupo Barcelos,Empresa de recuperação de crédito / advocacia,Não informado,BR,,"Cobrança, recuperação de crédito",,,,,,,,,WebSearch - perfil institucional,,2026-09-18,"Descrito como um dos maiores grupos de advocacia e assessoria de cobranca do pais, com 35 anos e alcance nacional","Correspondência jurídica, execução, diligências",Alcance nacional declarado em perfil institucional,Nao verificado,Provavel,Sim,86,A,Ofertar cobertura de comarcas de Rondonia para a operacao de cobranca,Site oficial ainda nao localizado - confirmar dominio,E-MAIL NAO COLETADO - egresso de rede bloqueado nesta sessao
L0019,Galvão & Silva Advocacia,Escritório de advocacia (atuação nacional),Porto Velho,RO,https://www.galvaoesilva.com/escritorio-de-advocacia-em-porto-velho-ro/,"Direito geral, contencioso",,,,,,,,https://www.galvaoesilva.com/escritorio-de-advocacia-em-porto-velho-ro/,WebSearch - galvaoesilva.com,https://www.galvaoesilva.com/escritorio-de-advocacia-em-porto-velho-ro/,2026-09-18,Banca de atuacao nacional com unidade em Porto Velho - modelo que costuma operar com advogados locais nas comarcas,"Correspondência, audiências, diligências em RO",Pagina institucional de unidade em Porto Velho,Nao verificado,Provavel,Sim,86,A,Ofertar cobertura das comarcas do interior de RO a partir de Ji-Parana,Banca nacional com presenca em RO,E-MAIL NAO COLETADO - egresso de rede bloqueado nesta sessao
L0020,Loft,Proptech / imobiliária,São Paulo,SP,,"Contencioso cível, imobiliário, consumidor",,,,,,,,,Indeed Job Search API (via MCP Indeed),https://to.indeed.com/aa6xnrkcfkdb,2026-09-18,Proptech nacional com contencioso imobiliário e consumerista em múltiplos estados,"Contencioso cível e imobiliário, correspondência",Vaga publicada em 2026-09-09: Advogado (a) | Jurídico Contencioso,Não informado,Nao verificado,Sim,85,A,Ofertar apoio em contencioso imobiliário e correspondência no Norte,Compatível com atuação em civil/imobiliário,E-MAIL NAO COLETADO - egresso de rede bloqueado nesta sessao
L0021,Correspondentes na Web,Plataforma de correspondentes jurídicos,Não informado,BR,https://correspondentesnaweb.com.br/cadastro.html,Correspondência jurídica,,,,,,,,https://correspondentesnaweb.com.br/cadastro.html,WebSearch - correspondentesnaweb.com.br,https://correspondentesnaweb.com.br/cadastro.html,2026-09-18,"Plataforma com cadastro gratuito de advogado correspondente e base por cidade, incluindo Porto Velho","Correspondência, diligências",Pagina de cadastro gratuito de correspondente,Sim,Sim,Sim,85,A,Cadastro gratuito cobrindo comarcas de RO,Cadastro declarado gratuito,E-MAIL NAO COLETADO - egresso de rede bloqueado nesta sessao
L0022,Intelligenti,Empresa de BPO jurídico,Não informado,BR,https://www.intelligenti.com.br/solucoes/bpo-juridico,"BPO jurídico, legal operations",,,,,,,,https://www.intelligenti.com.br/solucoes/bpo-juridico,WebSearch - intelligenti.com.br,https://www.intelligenti.com.br/solucoes/bpo-juridico,2026-09-18,Solucao de BPO juridico com operacao completa,"Terceirização jurídica, análise processual",Solucao dedicada de BPO juridico,Sim,Provavel,Sim,85,A,Ofertar-se como prestador juridico para a operacao de BPO,Alta aderencia ao perfil remoto do Lucas,E-MAIL NAO COLETADO - egresso de rede bloqueado nesta sessao
L0023,VISEU SECONDMENT,Escritório de advocacia / secondment,São Paulo,SP,,Contencioso trabalhista,,,,,,,,,Indeed Job Search API (via MCP Indeed),https://to.indeed.com/aav8llqlg9py,2026-09-18,Modelo de secondment (alocação de advogados em clientes) = terceirização jurídica estruturada,"Terceirização jurídica, contencioso trabalhista",Vaga publicada em 2026-07-08: Coordenador(a) | Contencioso Trabalhista,Não informado,Nao verificado,Sim,84,A,Cadastrar-se como profissional para alocação/secondment e correspondência em RO,Modelo de negócio é exatamente terceirização jurídica,E-MAIL NAO COLETADO - egresso de rede bloqueado nesta sessao
L0024,"Lee, Brock, Camargo Advogados (LBCA)",Escritório de advocacia (grande porte),São Paulo,SP,https://lbca.com.br/_areas-de-atuacao/recuperacao-de-credito/,"Recuperação de crédito, contencioso",,,,,,,,https://lbca.com.br/_areas-de-atuacao/recuperacao-de-credito/,WebSearch - lbca.com.br,https://lbca.com.br/_areas-de-atuacao/recuperacao-de-credito/,2026-09-18,Banca de grande porte com area estruturada de recuperacao de credito e uso intensivo de tecnologia,"Correspondência, execução, acompanhamento processual",Area de recuperacao de credito em escala,Nao verificado,Provavel,Sim,84,A,Propor parceria como correspondente no Norte,-,E-MAIL NAO COLETADO - egresso de rede bloqueado nesta sessao
L0025,Souza Cruz Advogados,Escritório / BPO jurídico,Não informado,BR,https://souzacruz.adv.br/bpo-juridico/,"BPO jurídico, terceirização",,,,,,,,https://souzacruz.adv.br/bpo-juridico/,WebSearch - souzacruz.adv.br,https://souzacruz.adv.br/bpo-juridico/,2026-09-18,Oferta BPO JURIDICO e terceirizacao de atividades juridicas - modelo que subcontrata prestadores,"Terceirização jurídica, backoffice, peças",Pagina de servico 'BPO Juridico',Sim,Provavel,Sim,84,A,Ofertar-se como prestador juridico terceirizado para a operacao de BPO,Modelo de negocio compra exatamente o servico do Lucas,E-MAIL NAO COLETADO - egresso de rede bloqueado nesta sessao
L0026,mottu,Empresa de mobilidade / locação,São Paulo,SP,,"Contencioso cível, consumidor",,,,,,,,,Indeed Job Search API (via MCP Indeed),https://to.indeed.com/aa922w26ctck,2026-09-18,Operação nacional com frota e alto volume de contencioso cível/consumerista pulverizado,"Contencioso de massa, correspondência, audiências",Vaga publicada em 2026-06-15: Advogado Junior - Contencioso,Não informado,Nao verificado,Sim,83,A,Ofertar correspondência e audiências em Rondônia,Presença nacional com demanda difusa,E-MAIL NAO COLETADO - egresso de rede bloqueado nesta sessao
L0027,Brasil Correspondentes,Plataforma de correspondentes jurídicos,Não informado,BR,https://www.brasilcorrespondentes.com.br/,Correspondência jurídica,,,,,,,,https://www.brasilcorrespondentes.com.br/,WebSearch - brasilcorrespondentes.com.br,https://www.brasilcorrespondentes.com.br/,2026-09-18,Plataforma nacional de correspondentes,"Correspondência, audiências",Plataforma dedicada a correspondentes,Sim,Sim,Sim,83,A,Cadastrar-se cobrindo RO,-,E-MAIL NAO COLETADO - egresso de rede bloqueado nesta sessao
L0028,Sicoob Credjurd (Coop. de Crédito e Investimentos de Rondônia),Cooperativa de crédito,Porto Velho,RO,,"Bancário, recuperação de crédito",,,,,,,,,WebSearch - sicoob.com.br / Jusbrasil,,2026-09-18,"Cooperativa de credito sediada em RONDONIA, com processos judiciais em que figura como re e carteira de credito a recuperar","Contencioso bancário, execução, recuperação de crédito em RO",Demonstracoes financeiras registram contingencias judiciais,Nao verificado,Nao verificado,Nao,83,A,Ofertar assessoria de recuperacao de credito e defesa em acoes consumeristas em RO,Cooperativa local - decisao de contratacao no proprio estado,E-MAIL NAO COLETADO - egresso de rede bloqueado nesta sessao
L0029,Jusbrasil,Legaltech,Remoto,BR,,Legal operations,,,,,,,,,Indeed Job Search API (via MCP Indeed),https://to.indeed.com/aablcrgw6bgh,2026-09-18,Legaltech com operação jurídica estruturada e contratação remota de perfis jurídicos,"Legal operations, análise processual remota",Vaga publicada em 2026-08-25: Team Lead - Operações Jurídicas | Trust & Safety,Sim,Nao verificado,Sim,82,A,Candidatar-se / ofertar apoio em legal ops e análise processual remota,Empresa-referência do setor jurídico digital,E-MAIL NAO COLETADO - egresso de rede bloqueado nesta sessao
L0030,Meu Correspondente Jurídico,Plataforma de correspondentes jurídicos,Não informado,BR,https://meucorrespondentejuridico.com.br/,Correspondência jurídica,,,,,,,,https://meucorrespondentejuridico.com.br/,WebSearch - meucorrespondentejuridico.com.br,https://meucorrespondentejuridico.com.br/,2026-09-18,Plataforma dedicada a intermediacao de correspondentes,"Correspondência, diligências",Plataforma dedicada a correspondentes,Sim,Sim,Sim,82,A,Cadastrar-se cobrindo RO,-,E-MAIL NAO COLETADO - egresso de rede bloqueado nesta sessao
L0031,Correspondente Dinâmico,Plataforma de correspondentes jurídicos,Não informado,BR,https://correspondentedinamico.com.br/cadastro-advogado-correspondente-juridico,Correspondência jurídica,,,,,,,,https://correspondentedinamico.com.br/cadastro-advogado-correspondente-juridico,WebSearch - correspondentedinamico.com.br,https://correspondentedinamico.com.br/cadastro-advogado-correspondente-juridico,2026-09-18,Pagina dedicada ao cadastro de advogado correspondente,Correspondência,Pagina de cadastro de correspondente,Sim,Sim,Sim,82,A,Cadastrar-se cobrindo RO,-,E-MAIL NAO COLETADO - egresso de rede bloqueado nesta sessao
L0032,Lehmann Advogados,Escritório de advocacia,Ji-Paraná,RO,https://lehmann.adv.br/advogados-ji-parana/,Direito geral,,,,,,,,https://lehmann.adv.br/advogados-ji-parana/,WebSearch - lehmann.adv.br,https://lehmann.adv.br/advogados-ji-parana/,2026-09-18,"Banca com paginas dedicadas a Ji-Parana e Vilhena, sinalizando atuacao multi-comarca em RO","Parceria local, correspondência",Paginas por cidade em RO,Nao verificado,Provavel,Nao verificado,82,A,Propor parceria e cobertura de comarcas vizinhas,Mesma cidade do Lucas,E-MAIL NAO COLETADO - egresso de rede bloqueado nesta sessao
L0033,Advogados & Correspondentes Jurídicos,Plataforma de correspondentes jurídicos,Não informado,BR,https://www.advogadosecorrespondentes.com.br/cadastrar,Correspondência jurídica,,,,,,,,https://www.advogadosecorrespondentes.com.br/cadastrar,WebSearch - advogadosecorrespondentes.com.br,https://www.advogadosecorrespondentes.com.br/cadastrar,2026-09-18,Pagina de registro de correspondentes,Correspondência,Pagina 'cadastrar',Sim,Sim,Sim,81,A,Cadastrar-se cobrindo RO,-,E-MAIL NAO COLETADO - egresso de rede bloqueado nesta sessao
L0034,Madrona Advogados,Escritório de advocacia (grande porte),São Paulo,SP,,Contencioso estratégico,,,,,,,,,Indeed Job Search API (via MCP Indeed),https://to.indeed.com/aagdn64fwsyx,2026-09-18,Banca de grande porte com contencioso estratégico nacional; usa correspondentes fora de SP,"Correspondência jurídica, diligências",Vaga publicada em 2026-08-17: Profissional de Advocacia Junior | Contencioso Estratégico,Não informado,Nao verificado,Sim,80,A,Propor parceria como correspondente em RO,-,E-MAIL NAO COLETADO - egresso de rede bloqueado nesta sessao
L0035,Nosso Direito,Diretório jurídico previdenciário,Não informado,BR,https://nossodireito.com/parceiros,Previdenciário,,,,,,,,https://nossodireito.com/parceiros,WebSearch - nossodireito.com,https://nossodireito.com/parceiros,2026-09-18,Diretorio de advogados previdenciaristas com pagina de parceiros - area de atuacao principal do Lucas,"Parceria, captacao previdenciária",Pagina 'seja parceiro',Sim,Nao verificado,Sim,80,A,Cadastrar-se como previdenciarista parceiro atendendo RO,Alta compatibilidade com previdenciario,E-MAIL NAO COLETADO - egresso de rede bloqueado nesta sessao
L0036,C Silva Advogados,Escritório / BPO jurídico,Não informado,BR,https://csilvaadv.com.br/terceirizacao-de-servicos-juridicos/,Terceirização jurídica,,,,,,,,https://csilvaadv.com.br/terceirizacao-de-servicos-juridicos/,WebSearch - csilvaadv.com.br,https://csilvaadv.com.br/terceirizacao-de-servicos-juridicos/,2026-09-18,Pagina dedicada a terceirizacao de servicos juridicos,"Terceirização jurídica, peças, prazos",Pagina 'terceirizacao de servicos juridicos',Sim,Provavel,Nao verificado,80,A,Ofertar-se como prestador juridico terceirizado,-,E-MAIL NAO COLETADO - egresso de rede bloqueado nesta sessao
L0037,Recruta Simples,Empresa de RH / recrutamento,Rio de Janeiro,RJ,,Contencioso bancário,,,,,,,,,Indeed Job Search API (via MCP Indeed),https://to.indeed.com/aar2bk6kccqd,2026-09-18,Vaga de contencioso bancário: cliente final é banco ou banca bancária com volume de massa,"Contencioso bancário de massa, correspondência",Vaga publicada em 2026-08-24: Advogado(a) - Contencioso Bancário,Não informado,Nao verificado,Sim,79,B,Candidatar-se e ofertar cobertura de comarcas de RO em contencioso bancário,Área de máxima compatibilidade (bancário),E-MAIL NAO COLETADO - egresso de rede bloqueado nesta sessao
L0038,Lima & Pegolo Advogados,Escritório de advocacia,Não informado,BR,https://limaepegolo.com.br/seja-um-parceiro/,Direito geral,,,,,,,,https://limaepegolo.com.br/seja-um-parceiro/,WebSearch - limaepegolo.com.br,https://limaepegolo.com.br/seja-um-parceiro/,2026-09-18,"Pagina 'Seja um Parceiro' com area restrita, cadastro de clientes e acoes e suporte juridico-administrativo","Parceria entre escritorios, apoio processual",Pagina 'seja um parceiro',Sim,Provavel,Nao verificado,79,B,Propor parceria entre escritorios com cobertura de RO,Modelo de parceria estruturado,E-MAIL NAO COLETADO - egresso de rede bloqueado nesta sessao
L0039,Reclame AQUI,Plataforma digital / tecnologia,São Paulo,SP,,"Consumidor, digital",,,,,,,,,Indeed Job Search API (via MCP Indeed),https://to.indeed.com/aaqf4cfnfglf,2026-09-18,"Plataforma nacional de relações de consumo, com jurídico próprio e exposição a litígios consumeristas","Direito do consumidor, contencioso",Vaga publicada em 2026-08-21: Advogado (a) Pleno,Não informado,Nao verificado,Sim,78,B,Apresentar experiência em direito do consumidor,-,E-MAIL NAO COLETADO - egresso de rede bloqueado nesta sessao
L0040,Projuris,Legaltech / software jurídico,Joinville,SC,https://www.projuris.com.br/parcerias/,"Legaltech, gestão jurídica",,,,,,,,https://www.projuris.com.br/parcerias/,WebSearch - projuris.com.br,https://www.projuris.com.br/parcerias/,2026-09-18,Pagina institucional de PARCERIAS estrategicas com avaliacao de modelo de parceria pela equipe,"Parceria comercial, legal ops",Pagina 'Parcerias' com formulario de interesse,Sim,Nao verificado,Sim,78,B,Verificar modelo de parceria para escritorios,Canal de parceria formal,E-MAIL NAO COLETADO - egresso de rede bloqueado nesta sessao
L0041,Rosenbaum Advogados,Escritório de advocacia,São Paulo,SP,https://www.rosenbaum.adv.br/advogado-especialista-recuperacao-de-credito/,"Recuperação de crédito, cobrança judicial",,,,,,,,https://www.rosenbaum.adv.br/advogado-especialista-recuperacao-de-credito/,WebSearch - rosenbaum.adv.br,https://www.rosenbaum.adv.br/advogado-especialista-recuperacao-de-credito/,2026-09-18,Banca especializada em recuperacao de credito e cobranca judicial em SP com alcance nacional,"Correspondência, execução",Area dedicada a recuperacao de credito,Nao verificado,Provavel,Sim,78,B,Ofertar correspondência em RO para carteira de execucoes,-,E-MAIL NAO COLETADO - egresso de rede bloqueado nesta sessao
L0042,Meet Recrutamento e Seleção,Empresa de RH / recrutamento jurídico,São Paulo,SP,,Contencioso cível,,,,,,,,,Indeed Job Search API (via MCP Indeed),https://to.indeed.com/aaytrh678p4b,2026-09-18,Recrutadora especializada com múltiplas vagas jurídicas PJ simultâneas: canal de acesso a vários escritórios,"Advogado associado PJ, contencioso",Vaga publicada em 2026-08-11: ADVOGADO(A) JÚNIOR | CONTENCIOSO CÍVEL ESTRATÉGICO,Não informado,Nao verificado,Sim,76,B,"Cadastrar-se como profissional PJ disponível, inclusive remoto",3 vagas jurídicas distintas mapeadas na mesma recrutadora,E-MAIL NAO COLETADO - egresso de rede bloqueado nesta sessao
L0043,Juridigital,Legaltech / BPO jurídico,Não informado,BR,https://www.juridigital.com.br/bpo-juridico/,BPO jurídico,,,,,,,,https://www.juridigital.com.br/bpo-juridico/,WebSearch - juridigital.com.br,https://www.juridigital.com.br/bpo-juridico/,2026-09-18,Empresa com pagina comercial dedicada a BPO juridico,Terceirização jurídica,Pagina comercial de BPO juridico,Sim,Provavel,Sim,76,B,Ofertar-se como prestador juridico da rede,-,E-MAIL NAO COLETADO - egresso de rede bloqueado nesta sessao
L0044,Vértice Rondônia Empreendimentos,Construtora / incorporadora,Ji-Paraná,RO,,"Imobiliário, civil, consumidor",,,,,,,,,WebSearch - DataPJ,,2026-09-18,"Incorporadora sediada em JI-PARANA - incorporacao gera distrato, atraso de obra e contencioso consumerista","Contencioso imobiliário, distratos, civil",Empresa do setor imobiliario na cidade-sede do Lucas,Nao verificado,Nao verificado,Nao,76,B,Ofertar assessoria em distratos e contencioso imobiliario na propria cidade,Prioridade por proximidade - Ji-Parana,E-MAIL NAO COLETADO - egresso de rede bloqueado nesta sessao
L0045,LawHunter,Legaltech / recrutamento jurídico,Remoto,BR,,Recrutamento jurídico,,,,,,,,,Indeed Job Search API (via MCP Indeed),https://to.indeed.com/aav2smhsc627,2026-09-18,Empresa dedicada a recrutamento jurídico: canal direto para vagas e alocações de advogados,"Alocação de advogados, freelancer jurídico",Vaga publicada em 2026-02-26: Analista Financeiro,Sim,Nao verificado,Sim,74,B,Cadastrar-se na base de talentos jurídicos da plataforma,Modelo de negócio é intermediação de profissionais jurídicos,E-MAIL NAO COLETADO - egresso de rede bloqueado nesta sessao
L0046,Lucchesi & Dolabela Advogados,Escritório / BPO jurídico,Belo Horizonte,MG,https://lucchesidolabela.com.br/site/blog/direito-empresarial/bpo-juridico-quais-as-vantagens-em-terceirizar-o-juridico/,"BPO jurídico, empresarial",,,,,,,,https://lucchesidolabela.com.br/site/blog/direito-empresarial/bpo-juridico-quais-as-vantagens-em-terceirizar-o-juridico/,WebSearch - lucchesidolabela.com.br,https://lucchesidolabela.com.br/site/blog/direito-empresarial/bpo-juridico-quais-as-vantagens-em-terceirizar-o-juridico/,2026-09-18,Escritorio que comercializa BPO juridico para empresas,Terceirização jurídica,Conteudo comercial sobre BPO juridico,Sim,Provavel,Nao verificado,74,B,Ofertar-se como prestador juridico terceirizado,-,E-MAIL NAO COLETADO - egresso de rede bloqueado nesta sessao
L0047,Administre Administradora,Administradora de condomínios,Porto Velho,RO,,"Condominial, cobrança",,,,,,,,,WebSearch - econodata / Instagram institucional,,2026-09-18,Atua ha 10 anos em gestao condominial em Porto Velho; listada entre as maiores do segmento na cidade,"Cobrança condominial, execução",Empresa consolidada no segmento,Nao verificado,Nao verificado,Nao,74,B,Ofertar carteira de cobranca condominial,Decisao local,E-MAIL NAO COLETADO - egresso de rede bloqueado nesta sessao
L0048,Albieri & Associados,Escritório de advocacia,Não informado,BR,https://www.albieri.adv.br/parceiro.html,Direito geral,,,,,,,,https://www.albieri.adv.br/parceiro.html,WebSearch - albieri.adv.br,https://www.albieri.adv.br/parceiro.html,2026-09-18,Pagina de cadastro de parceria para servicos em conjunto com advogados e escritorios,"Parceria, servicos conjuntos",Pagina 'cadastro de parceria',Nao verificado,Provavel,Nao verificado,73,B,Cadastrar-se para prestacao de servicos em conjunto,-,E-MAIL NAO COLETADO - egresso de rede bloqueado nesta sessao
L0049,A Pioneira Administradora de Imóveis,Administradora de condomínios e imóveis,Porto Velho,RO,http://apioneira.adm.br/,"Condominial, imobiliário, cobrança",,,,,,,,http://apioneira.adm.br/,WebSearch - apioneira.adm.br,http://apioneira.adm.br/,2026-09-18,Administradora sediada em Porto Velho com gestao de condominios residenciais e comerciais,"Cobrança condominial, despejo, imobiliário",Operacao consolidada em RO,Nao verificado,Nao verificado,Nao,73,B,Ofertar carteira de cobranca e contencioso imobiliario,Aderente a area imobiliaria do Lucas,E-MAIL NAO COLETADO - egresso de rede bloqueado nesta sessao
L0050,"CAUS, CIARALO, LOUREIRO & ANDRAUS SOCIEDADE DE ADVOGADOS",Escritório de advocacia,São Paulo,SP,,Tributário,,,,,,,,,Indeed Job Search API (via MCP Indeed),https://to.indeed.com/aavzt4ybxzg7,2026-09-18,Banca tributarista em expansão de equipe,"Tributário contencioso, correspondência",Vaga publicada em 2026-06-02: Advogado (a) Pleno (a) Área Consultoria Tributária,Não informado,Nao verificado,Não informado,72,B,Apresentar experiência em execução fiscal e exceção de pré-executividade,Compatível com área tributária do Lucas,E-MAIL NAO COLETADO - egresso de rede bloqueado nesta sessao
L0051,Escobar Advogados,Escritório de advocacia,Não informado,BR,https://escobaradvogados.com/parcerias/,Direito geral,,,,,,,,https://escobaradvogados.com/parcerias/,WebSearch - escobaradvogados.com,https://escobaradvogados.com/parcerias/,2026-09-18,Pagina institucional de parcerias,Parceria entre escritorios,Pagina 'Parcerias',Nao verificado,Provavel,Nao verificado,72,B,Propor parceria como correspondente em RO,-,E-MAIL NAO COLETADO - egresso de rede bloqueado nesta sessao
L0052,PLC Advogados,Escritório de advocacia,Não informado,BR,https://plcadvogados.com.br/en/area-de-atuacao/recuperacao-de-credito/,Recuperação de crédito,,,,,,,,https://plcadvogados.com.br/en/area-de-atuacao/recuperacao-de-credito/,WebSearch - plcadvogados.com.br,https://plcadvogados.com.br/en/area-de-atuacao/recuperacao-de-credito/,2026-09-18,Area de atuacao dedicada a recuperacao de credito,"Correspondência, execução",Area de recuperacao de credito,Nao verificado,Provavel,Nao verificado,72,B,Ofertar correspondência em RO,-,E-MAIL NAO COLETADO - egresso de rede bloqueado nesta sessao
L0053,BRCondos,Administradora de condomínios,Porto Velho,RO,http://www.cliente.brcondos.com.br/portovelho,"Condominial, cobrança, civil",,,,,,,,http://www.cliente.brcondos.com.br/portovelho,WebSearch - brcondos.com.br,http://www.cliente.brcondos.com.br/portovelho,2026-09-18,Administradora de condominios com operacao em Porto Velho - demanda recorrente de cobranca de taxa condominial,"Cobrança condominial, execução, civil",Operacao ativa em Porto Velho,Nao verificado,Nao verificado,Sim,72,B,Ofertar carteira de cobranca condominial em RO,Cobranca condominial e demanda de massa e recorrente,E-MAIL NAO COLETADO - egresso de rede bloqueado nesta sessao
L0054,Jobbol (Grupo Nunchi),Empresa de RH / recrutamento,Remoto,BR,,Trabalhista,,,,,,,,,Indeed Job Search API (via MCP Indeed),https://to.indeed.com/aad8dx8d9jb8,2026-09-18,Vaga jurídica declarada remota,Contencioso trabalhista remoto,Vaga publicada em 2026-08-07: ADVOGADO TRABALHISTA - Centro (Grupo Nunchi),Sim,Nao verificado,Não informado,71,B,Candidatar-se à vaga remota,Local declarado Remoto,E-MAIL NAO COLETADO - egresso de rede bloqueado nesta sessao
L0055,ＡＢＩＬＩＴＹ,Empresa de RH / recrutamento,São Paulo,SP,,Trabalhista patronal,,,,,,,,,Indeed Job Search API (via MCP Indeed),https://to.indeed.com/aady66mwqjp7,2026-09-18,Recrutadora com demanda jurídica patronal recorrente para clientes corporativos,"Contencioso trabalhista, audiências",Vaga publicada em 2026-08-14: Advogado Pleno (Trabalhista / Reclamada),Não informado,Nao verificado,Sim,70,B,Cadastrar-se na base de talentos jurídicos,Vaga para cliente empresarial,E-MAIL NAO COLETADO - egresso de rede bloqueado nesta sessao
L0056,Mocarzel Advogados Associados,Escritório de advocacia,Não informado,BR,https://www.mocarzel.adv.br/Recuperacao-de-credito.html,Recuperação de crédito,,,,,,,,https://www.mocarzel.adv.br/Recuperacao-de-credito.html,WebSearch - mocarzel.adv.br,https://www.mocarzel.adv.br/Recuperacao-de-credito.html,2026-09-18,Area de atuacao dedicada a recuperacao de credito,"Correspondência, execução",Area de recuperacao de credito,Nao verificado,Provavel,Nao verificado,70,B,Ofertar correspondência em RO,-,E-MAIL NAO COLETADO - egresso de rede bloqueado nesta sessao
L0057,Dupont Spiller Fadanelli Advogados,Escritório de advocacia,Não informado,RS,https://dsfadvogados.com.br/areaAtuacao/recuperacao-de-creditos,Recuperação de crédito,,,,,,,,https://dsfadvogados.com.br/areaAtuacao/recuperacao-de-creditos,WebSearch - dsfadvogados.com.br,https://dsfadvogados.com.br/areaAtuacao/recuperacao-de-creditos,2026-09-18,Area de atuacao dedicada a recuperacao de creditos,"Correspondência, execução",Area de recuperacao de creditos,Nao verificado,Provavel,Nao verificado,70,B,Ofertar correspondência no Norte,-,E-MAIL NAO COLETADO - egresso de rede bloqueado nesta sessao
L0058,Contraktor,Legaltech,Não informado,BR,https://conteudo.contraktor.com.br/inovacao-juridica/bpo-juridico-gestao-contratos/,"Legaltech, gestão de contratos",,,,,,,,https://conteudo.contraktor.com.br/inovacao-juridica/bpo-juridico-gestao-contratos/,WebSearch - contraktor.com.br,https://conteudo.contraktor.com.br/inovacao-juridica/bpo-juridico-gestao-contratos/,2026-09-18,Legaltech que atua com BPO juridico e gestao de contratos,"Análise contratual, apoio remoto",Conteudo comercial de BPO juridico,Sim,Nao verificado,Sim,70,B,Verificar necessidade de prestadores juridicos para a operacao,-,E-MAIL NAO COLETADO - egresso de rede bloqueado nesta sessao
L0059,Aurum,Legaltech / software jurídico,Florianópolis,SC,https://www.aurum.com.br/blog/contencioso-de-massa/,"Legaltech, contencioso de massa",,,,,,,,https://www.aurum.com.br/blog/contencioso-de-massa/,WebSearch - aurum.com.br,https://www.aurum.com.br/blog/contencioso-de-massa/,2026-09-18,Legaltech de referencia com conteudo e base de clientes em contencioso de massa,"Parceria, indicacao de demanda",Ecossistema de escritorios de contencioso de massa,Sim,Nao verificado,Sim,70,B,Verificar programa de parceiros,Porta de entrada para rede de escritorios clientes,E-MAIL NAO COLETADO - egresso de rede bloqueado nesta sessao
L0060,Habitamais,Administradora de condomínios,Porto Velho,RO,https://habitamais.com21.com.br/,"Condominial, cobrança",,,,,,,,https://habitamais.com21.com.br/,WebSearch - habitamais.com21.com.br,https://habitamais.com21.com.br/,2026-09-18,Atua em Porto Velho desde 2014 em gestao condominial,"Cobrança condominial, execução",Operacao desde 2014 em RO,Nao verificado,Nao verificado,Nao,70,B,Ofertar carteira de cobranca condominial,-,E-MAIL NAO COLETADO - egresso de rede bloqueado nesta sessao
L0061,Escritório de Advocacia e Consultoria (anunciante Indeed),Escritório de advocacia,Remoto,BR,,Cível,,,,,,,,,Indeed Job Search API (via MCP Indeed),https://to.indeed.com/aasxqj7svrrn,2026-09-18,"Vaga de advogado cível remota em regime PJ, publicada em set/2026",Advogado associado remoto PJ,Vaga publicada em 2026-09-08: VAGA: ADVOGADO(A) JÚNIOR CÍVEL,Sim,Nao verificado,Não informado,69,B,Candidatar-se à vaga remota,Anunciante não identificado nominalmente no resultado,E-MAIL NAO COLETADO - egresso de rede bloqueado nesta sessao
L0062,Oliveira e Antunes Advogados Associados,Escritório de advocacia,São Paulo,SP,,Direito geral,,,,,,,,,Indeed Job Search API (via MCP Indeed),https://to.indeed.com/aa7p6vsmhk77,2026-09-18,Escritório em expansão de equipe,Correspondência jurídica,Vaga publicada em 2026-07-31: Advogado | São Paulo,Não informado,Nao verificado,Não informado,68,B,Propor parceria entre escritórios,-,E-MAIL NAO COLETADO - egresso de rede bloqueado nesta sessao
L0063,Hiran Castiel Advogados Associados,Escritório de advocacia,Porto Velho,RO,,Direito geral,,,,,,,,,WebSearch - diretorio de escritorios RO,,2026-09-18,Escritorio estabelecido na capital com equipe propria,"Parceria local, correspondência no interior",-,Nao verificado,Nao verificado,Nao,68,B,Ofertar cobertura de comarcas do interior de RO,Site oficial a confirmar,E-MAIL NAO COLETADO - egresso de rede bloqueado nesta sessao
L0064,Advocacia Lima,Escritório de advocacia,Não informado,BR,https://advocacialima.com.br/servicos/recuperacao-de-credito,"Recuperação de crédito, cobrança",,,,,,,,https://advocacialima.com.br/servicos/recuperacao-de-credito,WebSearch - advocacialima.com.br,https://advocacialima.com.br/servicos/recuperacao-de-credito,2026-09-18,Especializada em cobranca judicial e extrajudicial,"Correspondência, execução",Servico de recuperacao de credito,Nao verificado,Provavel,Nao verificado,68,B,Ofertar correspondência em RO,-,E-MAIL NAO COLETADO - egresso de rede bloqueado nesta sessao
L0065,Ultimatum Tecnologia Jurídica,Legaltech,Não informado,BR,https://ultimatum.com.br/a-ascensao-do-bpo-business-process-outsourcing-juridico,"Legaltech, BPO jurídico",,,,,,,,https://ultimatum.com.br/a-ascensao-do-bpo-business-process-outsourcing-juridico,WebSearch - ultimatum.com.br,https://ultimatum.com.br/a-ascensao-do-bpo-business-process-outsourcing-juridico,2026-09-18,Legaltech atuante no mercado de BPO juridico,Apoio juridico remoto,Conteudo comercial de BPO juridico,Sim,Nao verificado,Sim,68,B,Verificar necessidade de prestadores juridicos,-,E-MAIL NAO COLETADO - egresso de rede bloqueado nesta sessao
L0066,Vexia,Legaltech,Não informado,BR,https://vexia.com.br/bpo-juridico-saiba-o-que-e-e-quais-os-impactos-em-empresas-de-qualquer-porte/,"Legaltech, BPO jurídico",,,,,,,,https://vexia.com.br/bpo-juridico-saiba-o-que-e-e-quais-os-impactos-em-empresas-de-qualquer-porte/,WebSearch - vexia.com.br,https://vexia.com.br/bpo-juridico-saiba-o-que-e-e-quais-os-impactos-em-empresas-de-qualquer-porte/,2026-09-18,Legaltech que comercializa BPO juridico para empresas de qualquer porte,Terceirização jurídica,Conteudo comercial de BPO juridico,Sim,Nao verificado,Sim,68,B,Verificar necessidade de prestadores juridicos,-,E-MAIL NAO COLETADO - egresso de rede bloqueado nesta sessao
L0067,Record Incorporações Imobiliárias,Incorporadora,Porto Velho,RO,,"Imobiliário, civil, consumidor",,,,,,,,,WebSearch - DataPJ,,2026-09-18,Incorporadora em RO com exposicao a distratos e acoes consumeristas,"Contencioso imobiliário, distratos",Setor com litigiosidade estrutural,Nao verificado,Nao verificado,Nao,68,B,Ofertar assessoria em distratos e contencioso imobiliario,Site a confirmar,E-MAIL NAO COLETADO - egresso de rede bloqueado nesta sessao
L0068,Corrêa Sant'Anna Advogados Associados,Escritório de advocacia,Belo Horizonte,MG,,Direito geral,,,,,,,,,Indeed Job Search API (via MCP Indeed),https://to.indeed.com/aahlfpfbrvnl,2026-09-18,Escritório em expansão de equipe em BH,Correspondência jurídica em RO,Vaga publicada em 2026-08-25: Advogado Júnior,Não informado,Nao verificado,Não informado,67,B,Propor parceria como correspondente no Norte,-,E-MAIL NAO COLETADO - egresso de rede bloqueado nesta sessao
L0069,Solvereh,Empresa de RH / recrutamento,Londrina,PR,,Contencioso cível,,,,,,,,,Indeed Job Search API (via MCP Indeed),https://to.indeed.com/aa9rm7zrfwy4,2026-09-18,Recrutadora com vaga jurídica em regime PJ,Advogado associado PJ,Vaga publicada em 2026-08-12: ADVOGADO(A) CÍVEL JÚNIOR | LONDRINA/PR (PJ),Não informado,Nao verificado,Não informado,66,B,Cadastrar-se na base; verificar clientes com demanda em RO,Regime PJ declarado,E-MAIL NAO COLETADO - egresso de rede bloqueado nesta sessao
L0070,RRocha Advogados Associados,Escritório de advocacia,Porto Velho,RO,,Direito geral,,,,,,,,,WebSearch - diretorio de escritorios RO,,2026-09-18,Escritorio estabelecido em Porto Velho,"Parceria local, correspondência",-,Nao verificado,Nao verificado,Nao,66,B,Ofertar cobertura de comarcas do interior de RO,Site oficial a confirmar,E-MAIL NAO COLETADO - egresso de rede bloqueado nesta sessao
L0071,Valorize Administradora de Condomínios,Administradora de condomínios,Porto Velho,RO,,"Condominial, cobrança",,,,,,,,,WebSearch - econodata,,2026-09-18,Listada entre as maiores administradoras de condominio de Porto Velho,Cobrança condominial,Ranking setorial de Porto Velho,Nao verificado,Nao verificado,Nao,66,B,Ofertar carteira de cobranca condominial,Site a confirmar,E-MAIL NAO COLETADO - egresso de rede bloqueado nesta sessao
L0072,WYNTECH,Empresa de tecnologia,Remoto,BR,,Contratos,,,,,,,,,Indeed Job Search API (via MCP Indeed),https://to.indeed.com/aawjgqfbkdt6,2026-09-18,Contrata perfil jurídico em regime remoto,Análise contratual remota,Vaga publicada em 2026-09-01: ANALISTA DE CONTRATOS - AREA DIREITO - ANSS,Sim,Nao verificado,Não informado,64,B,Ofertar apoio jurídico remoto em contratos,Vaga recente e remota,E-MAIL NAO COLETADO - egresso de rede bloqueado nesta sessao
L0073,Krefta Advogados,Escritório de advocacia,Vilhena,RO,,Direito geral,,,,,,,,,WebSearch - diretorio de escritorios RO,,2026-09-18,Escritorio com experiencia de mercado em Vilhena,"Parceria local, correspondência",-,Nao verificado,Nao verificado,Nao,64,B,Propor troca de correspondencia entre Vilhena e Ji-Parana,Site oficial a confirmar,E-MAIL NAO COLETADO - egresso de rede bloqueado nesta sessao
L0074,Avante Engenharia,Construtora,Porto Velho,RO,,"Imobiliário, civil, trabalhista",,,,,,,,,WebSearch - DataPJ,,2026-09-18,Construtora em RO com exposicao a contencioso civil e trabalhista,Contencioso civil e trabalhista,Setor de construcao com litigiosidade recorrente,Nao verificado,Nao verificado,Nao,64,B,Ofertar assessoria em contencioso civil e trabalhista,Site a confirmar,E-MAIL NAO COLETADO - egresso de rede bloqueado nesta sessao
L0075,Tahto,BPO / contact center,Remoto,BR,,Contratos,,,,,,,,,Indeed Job Search API (via MCP Indeed),https://to.indeed.com/aaprjqx7lb2m,2026-09-18,BPO de grande porte com operação nacional e demanda contratual/consumerista,"Análise contratual, apoio jurídico remoto",Vaga publicada em 2026-06-29: ANALISTA PLENO DE CONTRATOS & PAGAMENTOS - STAFF,Sim,Nao verificado,Sim,62,B,Ofertar apoio jurídico remoto,Setor com litigiosidade consumerista relevante,E-MAIL NAO COLETADO - egresso de rede bloqueado nesta sessao
L0076,Advocacia Inthon e Andreazza,Escritório de advocacia,Vilhena,RO,,Direito geral,,,,,,,,,WebSearch - diretorio de escritorios RO,,2026-09-18,Escritorio conduzido por dois advogados em Vilhena,"Parceria local, correspondência",-,Nao verificado,Nao verificado,Nao,62,B,Propor troca de correspondencia entre comarcas,Site oficial a confirmar,E-MAIL NAO COLETADO - egresso de rede bloqueado nesta sessao
L0077,Construtora e Incorporadora Cordeiro e Albuquerque,Construtora / incorporadora,Porto Velho,RO,,"Imobiliário, civil",,,,,,,,,WebSearch - DataPJ,,2026-09-18,Construtora e incorporadora atuante em RO,"Contencioso imobiliário, distratos",Setor com litigiosidade estrutural,Nao verificado,Nao verificado,Nao,62,B,Ofertar assessoria em distratos,Site a confirmar,E-MAIL NAO COLETADO - egresso de rede bloqueado nesta sessao
L0078,Enfok,Empresa,São Paulo,SP,,Direito geral,,,,,,,,,Indeed Job Search API (via MCP Indeed),https://to.indeed.com/aardp9n9qg9l,2026-09-18,Empresa com jurídico interno em expansão,Apoio jurídico,Vaga publicada em 2026-07-07: Advogado Júnior,Não informado,Nao verificado,Não informado,58,C,Verificar possibilidade de apoio processual remoto,Pouca informação disponível na fonte,E-MAIL NAO COLETADO - egresso de rede bloqueado nesta sessao
