ID,Empresa/escritorio,Oportunidade,Cidade,Estado,Servico solicitado,Data da publicacao,Link,E-mail,Telefone,Forma de candidatura,Prazo,Compatibilidade comigo,Score,Prioridade,Fonte
OP0001,BBMD,Advogado Trabalhista - CORRESPONDENTE (Maceió/São Luís/Natal),Maceió,AL,CORRESPONDENTE trabalhista - rede nacional confirmada em 5 capitais,2026-08-19,https://to.indeed.com/aaqwlrkfmfy2,,,Candidatura pelo link da vaga (Indeed),Nao informado,Candidatar-se e ofertar disponibilidade remota / correspondencia em RO,97,A,Indeed Job Search API (via MCP Indeed)
OP0002,BBMD,Advogado Trabalhista - CORRESPONDENTE (João Pessoa),João Pessoa,PB,CORRESPONDENTE trabalhista - 6a capital com a mesma vaga aberta,2026-08-19,https://to.indeed.com/aapdf7vkr7jt,,,Candidatura pelo link da vaga (Indeed),Nao informado,Candidatar-se e ofertar disponibilidade remota / correspondencia em RO,97,A,Indeed Job Search API (via MCP Indeed)
OP0003,BBMD,Advogado Trabalhista - CORRESPONDENTE,Palmas,TO,CORRESPONDENTE trabalhista - contrata correspondente de forma declarada,2026-08-19,https://to.indeed.com/aayr9d8g7zbf,,,Candidatura pelo link da vaga (Indeed),Nao informado,Candidatar-se e ofertar disponibilidade remota / correspondencia em RO,96,A,Indeed Job Search API (via MCP Indeed)
OP0004,BBMD,Advogado Trabalhista - CORRESPONDENTE (Salvador),Salvador,BA,CORRESPONDENTE trabalhista - rede nacional em montagem,2026-08-19,https://to.indeed.com/aay4xc9gbq46,,,Candidatura pelo link da vaga (Indeed),Nao informado,Candidatar-se e ofertar disponibilidade remota / correspondencia em RO,96,A,Indeed Job Search API (via MCP Indeed)
OP0005,NELSON WILIANS & ADVOGADOS ASSOCIADOS,Consultor de Negócios,Porto Velho,RO,"Contencioso de massa, bancário, consumidor",2026-09-02,https://to.indeed.com/aac74727vnrf,,,Candidatura pelo link da vaga (Indeed),Nao informado,"Apresentar-se como correspondente/associado em Rondônia (Ji-Paraná e comarcas do interior), com foco em audiências e diligências",95,A,Indeed Job Search API (via MCP Indeed)
OP0006,Almeida & Freitas Advogados,CONTROLADORIA JURÍDICA para ADVOGADO com OAB ATIVA (PJ),Fortaleza,CE,CONTROLADORIA JURIDICA em regime PJ - servico direto do portfolio,2026-09-11,https://to.indeed.com/aas8s8jh77kv,,,Candidatura pelo link da vaga (Indeed),Nao informado,Candidatar-se e ofertar disponibilidade remota / correspondencia em RO,94,A,Indeed Job Search API (via MCP Indeed)
OP0007,Ferreira & Chagas Advogados,ADVOGADO CONTENCIOSO CÍVEL BANCÁRIO - REMOTO PJ,Remoto,BR,Contencioso civel bancario 100% remoto em regime PJ,2026-08-27,https://to.indeed.com/aa4jgxplzz6z,,,Candidatura pelo link da vaga (Indeed),Nao informado,Candidatar-se e ofertar disponibilidade remota / correspondencia em RO,94,A,Indeed Job Search API (via MCP Indeed)
OP0008,CREFISA E EMPRESAS PARCEIRAS,Advogado(a) Cível Júnior - Contencioso,São Paulo,SP,"Contencioso cível, bancário, consumidor",2026-09-15,https://to.indeed.com/aaz9k8qzwbqt,,,Candidatura pelo link da vaga (Indeed),Nao informado,Ofertar correspondência e audiências em Rondônia + disponibilidade para contencioso bancário/consumidor,93,A,Indeed Job Search API (via MCP Indeed)
OP0009,Gonçalves Júnior Advocacia,Advogado(a) Associado(a) — Cível/Tributário | ATUAÇÃO INICIAL REMOTA,Brasília,DF,Advogado associado remoto PJ - cível e tributário,2026-09-03,https://to.indeed.com/aa86shvt6hxv,,,Candidatura pelo link da vaga (Indeed),Nao informado,Candidatar-se e ofertar disponibilidade remota / correspondencia em RO,93,A,Indeed Job Search API (via MCP Indeed)
OP0010,Mind Consultoria de Gente e Gestão,Advogado(a) Associado(a) - Trabalhista Patronal | Ambiental | Civil,Ji-Paraná,RO,"Trabalhista patronal, ambiental, civil",2026-08-27,https://to.indeed.com/aadlc47kklrh,,,Candidatura pelo link da vaga (Indeed),Nao informado,Candidatar-se como advogado associado PJ; pedir cadastro no banco de talentos jurídico da consultoria,92,A,Indeed Job Search API (via MCP Indeed)
OP0011,LOIT CONTABILIDADE SOCIETARIA E TRIBUTARIA LTDA,Advogado Trabalhista,Ji-Paraná,RO,Trabalhista,2026-08-31,https://to.indeed.com/aa7zjttrm4fx,,,Candidatura pelo link da vaga (Indeed),Nao informado,Candidatar-se e propor parceria como jurídico terceirizado da carteira de clientes da contabilidade em Ji-Paraná,90,A,Indeed Job Search API (via MCP Indeed)
OP0012,digio,Advogado Contencioso - Pleno,Barueri,SP,"Contencioso bancário, consumidor",2026-09-03,https://to.indeed.com/aafnzvnxhg4f,,,Candidatura pelo link da vaga (Indeed),Nao informado,Ofertar rede de correspondência em Rondônia para audiências e diligências,90,A,Indeed Job Search API (via MCP Indeed)
OP0013,Marcelo Tostes Advogados Associados,Advogado Cível Pleno - CONTENCIOSO DE ESCALA,Belo Horizonte,MG,Contencioso de escala/massa,2026-09-03,https://to.indeed.com/aakkzl9nh9wb,,,Candidatura pelo link da vaga (Indeed),Nao informado,Candidatar-se e ofertar disponibilidade remota / correspondencia em RO,90,A,Indeed Job Search API (via MCP Indeed)
OP0014,MARLON WITT SOCIEDADE DE ADVOGADOS,Advogado PREVIDENCIÁRIO (PJ),São Paulo,SP,Previdenciário em regime PJ,2026-08-28,https://to.indeed.com/aaw8mtsmp6vq,,,Candidatura pelo link da vaga (Indeed),Nao informado,Candidatar-se e ofertar disponibilidade remota / correspondencia em RO,90,A,Indeed Job Search API (via MCP Indeed)
OP0015,Ferreira & Chagas Advogados,Advogado(a) | Contencioso Aéreo - REMOTO PJ,Remoto,BR,Contencioso aereo remoto PJ,2026-08-27,https://to.indeed.com/aab82xnxxpby,,,Candidatura pelo link da vaga (Indeed),Nao informado,Candidatar-se e ofertar disponibilidade remota / correspondencia em RO,90,A,Indeed Job Search API (via MCP Indeed)
OP0016,Ferreira & Chagas Advogados,ADVOGADO CONTENCIOSO CÍVEL CLIENTE AUTOMOTIVO - REMOTO PJ,Remoto,BR,Contencioso civel automotivo remoto PJ,2026-08-28,https://to.indeed.com/aa8md9mlrhgr,,,Candidatura pelo link da vaga (Indeed),Nao informado,Candidatar-se e ofertar disponibilidade remota / correspondencia em RO,90,A,Indeed Job Search API (via MCP Indeed)
OP0017,Meet Recrutamento e Seleção - Direito da Saúde,ADVOGADO DE DIREITO DA SAÚDE (PJ),Feira de Santana,BA,DIREITO DA SAUDE em regime PJ - area principal do Lucas,2026-08-28,https://to.indeed.com/aavc7jgy96vj,,,Candidatura pelo link da vaga (Indeed),Nao informado,Candidatar-se e ofertar disponibilidade remota / correspondencia em RO,90,A,Indeed Job Search API (via MCP Indeed)
OP0018,GRUPO BARCELOS,Advogado Cível,Belo Horizonte,MG,"Contencioso cível, recuperação de crédito",2026-09-09,https://to.indeed.com/aad7h6wbyxnj,,,Candidatura pelo link da vaga (Indeed),Nao informado,Candidatar-se e ofertar disponibilidade remota / correspondencia em RO,89,A,Indeed Job Search API (via MCP Indeed)
OP0019,LOIT CONTABILIDADE SOCIETARIA E TRIBUTARIA LTDA,Advogado - Execução e Recuperação de Crédito,Porto Velho,RO,"Recuperação de crédito, execução, tributário",2026-07-22,https://to.indeed.com/aa286w6m2xmw,,,Candidatura pelo link da vaga (Indeed),Nao informado,Propor parceria jurídica recorrente e candidatar-se à vaga; contabilidade é canal de indicação de clientes PJ,88,A,Indeed Job Search API (via MCP Indeed)
OP0020,Unicred,Advogado Jurídico Pleno,Remoto,BR,"Bancário, cível, recuperação de crédito",2026-08-25,https://to.indeed.com/aasrttnkhhfn,,,Candidatura pelo link da vaga (Indeed),Nao informado,Candidatar-se à vaga remota e ofertar cobertura de comarcas de RO,88,A,Indeed Job Search API (via MCP Indeed)
OP0021,SARAIVA \ VEIGA ADVOGADOS,Advogado Associado Cível Júnior (MASSIFICADO),Lago Sul,DF,Contencioso cível massificado,2026-09-09,https://to.indeed.com/aasbzlkxhfsc,,,Candidatura pelo link da vaga (Indeed),Nao informado,Candidatar-se e ofertar disponibilidade remota / correspondencia em RO,88,A,Indeed Job Search API (via MCP Indeed)
OP0022,Marcelo Tostes Advogados Associados,Advogado Cível Júnior - Contencioso Estratégico,Belo Horizonte,MG,Contencioso estratégico,2026-09-11,https://to.indeed.com/aalptmfvfwlg,,,Candidatura pelo link da vaga (Indeed),Nao informado,Candidatar-se e ofertar disponibilidade remota / correspondencia em RO,88,A,Indeed Job Search API (via MCP Indeed)
OP0023,"Arruda Alvim, Aragão & Lins Advogados",Advogada(o) Contencioso Cível Estratégico | RECUPERAÇÃO DE CRÉDITO,Curitiba,PR,Contencioso cível e recuperação de crédito,2026-09-14,https://to.indeed.com/aapxfzqqs4dt,,,Candidatura pelo link da vaga (Indeed),Nao informado,Candidatar-se e ofertar disponibilidade remota / correspondencia em RO,88,A,Indeed Job Search API (via MCP Indeed)
OP0024,Machado Meyer,Assistente Administrativo - CONTROLADORIA JURÍDICA | Tributário (Remoto),Remoto,BR,Controladoria juridica tributaria - 100% remota,2026-08-01,https://to.indeed.com/aal66mvx2px2,,,Candidatura pelo link da vaga (Indeed),Nao informado,Candidatar-se e ofertar disponibilidade remota / correspondencia em RO,88,A,Indeed Job Search API (via MCP Indeed)
OP0025,Carlos Miro Advogados,Advogado CONTENCIOSO MASSIFICADO,Uberlândia,MG,Contencioso massificado,2026-09-04,https://to.indeed.com/aatcktqh64kw,,,Candidatura pelo link da vaga (Indeed),Nao informado,Candidatar-se e ofertar disponibilidade remota / correspondencia em RO,88,A,Indeed Job Search API (via MCP Indeed)
OP0026,Cobrar - Magalhães Sociedade de Advogados,ADVOGADO | CONTENCIOSO CÍVEL E DIREITO BANCÁRIO,Belo Horizonte,MG,Contencioso cível e bancário,2026-08-24,https://to.indeed.com/aaq8mp227gdb,,,Candidatura pelo link da vaga (Indeed),Nao informado,Candidatar-se e ofertar disponibilidade remota / correspondencia em RO,87,A,Indeed Job Search API (via MCP Indeed)
OP0027,FRAGATA E ANTUNES ADVOGADOS,Advogado(a) Associado - CONSUMIDOR,Curitiba,PR,Advogado associado - direito do consumidor,2026-09-09,https://to.indeed.com/aa7c7rr7l2r6,,,Candidatura pelo link da vaga (Indeed),Nao informado,Candidatar-se e ofertar disponibilidade remota / correspondencia em RO,87,A,Indeed Job Search API (via MCP Indeed)
OP0028,Total Garantidora,Auxiliar Jurídico - Controladoria Jurídica,São José,SC,Controladoria jurídica (regime PJ),2026-09-09,https://to.indeed.com/aavfdpczn9v4,,,Candidatura pelo link da vaga (Indeed),Nao informado,Candidatar-se e ofertar disponibilidade remota / correspondencia em RO,86,A,Indeed Job Search API (via MCP Indeed)
OP0029,Apontto Recrutamento e Seleção,Advogado Consumerista Pleno/Sênior – CONTENCIOSO EM MASSA,Campo Grande,MS,Contencioso consumerista de massa,2026-06-17,https://to.indeed.com/aah8rwytlg9l,,,Candidatura pelo link da vaga (Indeed),Nao informado,Candidatar-se e ofertar disponibilidade remota / correspondencia em RO,86,A,Indeed Job Search API (via MCP Indeed)
OP0030,TRAJANO NETO E PACIORNIK - ADVOGADOS ASSOCIADOS,Advogado(a) JR - Securitário (PJ),Curitiba,PR,Contencioso securitário PJ,2026-06-26,https://to.indeed.com/aamvp7sbbzxh,,,Candidatura pelo link da vaga (Indeed),Nao informado,Candidatar-se e ofertar disponibilidade remota / correspondencia em RO,86,A,Indeed Job Search API (via MCP Indeed)
OP0031,Next Step Consultoria,ADVOGADO DE DIREITO BANCÁRIO E DIREITO DO SERVIDOR PÚBLICO (PJ),Salvador,BA,Bancário e servidor público em regime PJ,2026-09-03,https://to.indeed.com/aa67gdlfhpvs,,,Candidatura pelo link da vaga (Indeed),Nao informado,Candidatar-se e ofertar disponibilidade remota / correspondencia em RO,86,A,Indeed Job Search API (via MCP Indeed)
OP0032,Moura Academy,Advogado(a) Sênior Líder — DIREITO BANCÁRIO,Ribeirão Preto,SP,Contencioso bancario - lideranca de equipe,2026-09-01,https://to.indeed.com/aakt6d8drryt,,,Candidatura pelo link da vaga (Indeed),Nao informado,Candidatar-se e ofertar disponibilidade remota / correspondencia em RO,86,A,Indeed Job Search API (via MCP Indeed)
OP0033,Décio Freire Advogados,Advogado(a) Cível PLENO - UNIDADE TERESINA (PJ),Teresina,PI,Contencioso civel em regime PJ - banca com unidades,2026-09-15,https://to.indeed.com/aak4jrnc6tdl,,,Candidatura pelo link da vaga (Indeed),Nao informado,Candidatar-se e ofertar disponibilidade remota / correspondencia em RO,86,A,Indeed Job Search API (via MCP Indeed)
OP0034,QCA Advogados,Advogado(a) | CONSUMIDOR e Assistente | BANCÁRIO,João Pessoa,PB,Consumidor e bancario - multiplas vagas simultaneas,2026-07-06,https://to.indeed.com/aab7jfd78gh6,,,Candidatura pelo link da vaga (Indeed),Nao informado,Candidatar-se e ofertar disponibilidade remota / correspondencia em RO,86,A,Indeed Job Search API (via MCP Indeed)
OP0035,GRUPO BRG,ADVOGADO TRABALHISTA EMPRESARIAL / TRIBUTARISTA / CONTROLADORIA JURÍDICA,Aracaju,SE,"Trabalhista patronal, tributario e CONTROLADORIA JURIDICA - tres vagas simultaneas",2026-02-28,https://to.indeed.com/aaxrnm7hzdvr,,,Candidatura pelo link da vaga (Indeed),Nao informado,Candidatar-se e ofertar disponibilidade remota / correspondencia em RO,86,A,Indeed Job Search API (via MCP Indeed)
OP0036,crefaz,Supervisor Jurídico / Analista / Assistente Jurídico,Maringá,PR,"Financeira de credito - contencioso bancario e consumerista, tres vagas simultaneas",2026-09-16,https://to.indeed.com/aamlsxrzrnvf,,,Candidatura pelo link da vaga (Indeed),Nao informado,Candidatar-se e ofertar disponibilidade remota / correspondencia em RO,86,A,Indeed Job Search API (via MCP Indeed)
OP0037,Loft,Advogado (a) | Jurídico Contencioso,São Paulo,SP,"Contencioso cível, imobiliário, consumidor",2026-09-09,https://to.indeed.com/aa6xnrkcfkdb,,,Candidatura pelo link da vaga (Indeed),Nao informado,Ofertar apoio em contencioso imobiliário e correspondência no Norte,85,A,Indeed Job Search API (via MCP Indeed)
OP0038,Bruno Vanderlei Advogados Associados,Advogado Bancário,Cuiabá,MT,Contencioso bancário (meio período),2026-09-14,https://to.indeed.com/aatk8nhzbwmm,,,Candidatura pelo link da vaga (Indeed),Nao informado,Candidatar-se e ofertar disponibilidade remota / correspondencia em RO,85,A,Indeed Job Search API (via MCP Indeed)
OP0039,Ferreira do Valle Advogados,ADVOGADO DE CONTROLADORIA JURÍDICA,Campo Grande,MS,Controladoria jurídica,2026-08-20,https://to.indeed.com/aat4thqvb8qz,,,Candidatura pelo link da vaga (Indeed),Nao informado,Candidatar-se e ofertar disponibilidade remota / correspondencia em RO,85,A,Indeed Job Search API (via MCP Indeed)
OP0040,Balera Advogados,Advogado(a) Previdenciário(a) Empresarial,Itaim Bibi,SP,Previdenciário empresarial,2026-09-15,https://to.indeed.com/aajwvfv4xyf2,,,Candidatura pelo link da vaga (Indeed),Nao informado,Candidatar-se e ofertar disponibilidade remota / correspondencia em RO,85,A,Indeed Job Search API (via MCP Indeed)
OP0041,Reis Advogados Associados,Assistente de CONTROLADORIA JURÍDICA (PJ),Uberlândia,MG,Controladoria juridica em regime PJ,2026-09-11,https://to.indeed.com/aahds9ktt6gy,,,Candidatura pelo link da vaga (Indeed),Nao informado,Candidatar-se e ofertar disponibilidade remota / correspondencia em RO,85,A,Indeed Job Search API (via MCP Indeed)
OP0042,VISEU SECONDMENT,Coordenador(a) | Contencioso Trabalhista,São Paulo,SP,Contencioso trabalhista,2026-07-08,https://to.indeed.com/aav8llqlg9py,,,Candidatura pelo link da vaga (Indeed),Nao informado,Cadastrar-se como profissional para alocação/secondment e correspondência em RO,84,A,Indeed Job Search API (via MCP Indeed)
OP0043,"Lima Junior, Domene & Advogados Associados",Advogado(a) Pleno | Área Judicial Tributária | Campinas,Campinas,SP,Contencioso tributário,2026-09-10,https://to.indeed.com/aa2z48ydfpwl,,,Candidatura pelo link da vaga (Indeed),Nao informado,Candidatar-se e ofertar disponibilidade remota / correspondencia em RO,84,A,Indeed Job Search API (via MCP Indeed)
OP0044,NABARRETE E FERRO ADVOGADOS ASSOCIADOS,Advogado Negociador,Campo Grande,MS,"Negociação, acordos judiciais (PJ)",2026-09-16,https://to.indeed.com/aaw72lqcqnd8,,,Candidatura pelo link da vaga (Indeed),Nao informado,Candidatar-se e ofertar disponibilidade remota / correspondencia em RO,84,A,Indeed Job Search API (via MCP Indeed)
OP0045,BRASIL SALOMÃO E MATTHES ADVOCACIA,Advogado Contencioso Cível/Imobiliário,Goiânia,GO,Contencioso cível e imobiliário,2026-09-01,https://to.indeed.com/aad4rtzlbmyd,,,Candidatura pelo link da vaga (Indeed),Nao informado,Candidatar-se e ofertar disponibilidade remota / correspondencia em RO,84,A,Indeed Job Search API (via MCP Indeed)
OP0046,Viseu Sociedade de Advogados,Advogado(a) Cível Júnior | CONSUMERISTA,Recife,PE,Contencioso consumerista,2026-05-22,https://to.indeed.com/aa6x7d8lmd6f,,,Candidatura pelo link da vaga (Indeed),Nao informado,Candidatar-se e ofertar disponibilidade remota / correspondencia em RO,84,A,Indeed Job Search API (via MCP Indeed)
OP0047,QCA Advogados,Advogado(a) | BANCÁRIO,Salvador,BA,Contencioso bancário,2026-06-02,https://to.indeed.com/aabrph8kznty,,,Candidatura pelo link da vaga (Indeed),Nao informado,Candidatar-se e ofertar disponibilidade remota / correspondencia em RO,84,A,Indeed Job Search API (via MCP Indeed)
OP0048,Unimed CNU,Advogado PL,Salvador,BA,"Saúde suplementar, contencioso",2026-08-27,https://to.indeed.com/aay678xw8x6v,,,Candidatura pelo link da vaga (Indeed),Nao informado,Candidatar-se e ofertar disponibilidade remota / correspondencia em RO,84,A,Indeed Job Search API (via MCP Indeed)
OP0049,CERUS SECURITIZADORA DE CREDITOS S.A,Auxiliar Jurídico,Fortaleza,CE,"Securitização, recuperação de crédito, execução",2026-08-17,https://to.indeed.com/aapf92wwh9g8,,,Candidatura pelo link da vaga (Indeed),Nao informado,Candidatar-se e ofertar disponibilidade remota / correspondencia em RO,84,A,Indeed Job Search API (via MCP Indeed)
OP0050,PRISCILA ASSUNCAO DE SIQUEIRA Sociedade Individual de Advocacia,Advogado - CONSUMIDOR BANCÁRIO,Sorocaba,SP,Consumidor e bancario,2026-07-02,https://to.indeed.com/aab8wzf72hjm,,,Candidatura pelo link da vaga (Indeed),Nao informado,Candidatar-se e ofertar disponibilidade remota / correspondencia em RO,84,A,Indeed Job Search API (via MCP Indeed)
OP0051,Randoncorp,Analista Jurídico Pleno - Randon CONSÓRCIOS,Caxias do Sul,RS,Consorcio - contencioso consumerista de massa,2026-09-17,https://to.indeed.com/aargzfvzptxq,,,Candidatura pelo link da vaga (Indeed),Nao informado,Candidatar-se e ofertar disponibilidade remota / correspondencia em RO,84,A,Indeed Job Search API (via MCP Indeed)
OP0052,SICOOB (unidade São Paulo),Advogado(a) Pleno,São Paulo,SP,Cooperativa de credito - contencioso bancario,2026-09-05,https://to.indeed.com/aak4b8brlst9,,,Candidatura pelo link da vaga (Indeed),Nao informado,Candidatar-se e ofertar disponibilidade remota / correspondencia em RO,84,A,Indeed Job Search API (via MCP Indeed)
OP0053,Consumerê - Thaise Pavani Advogados Associados,ADVOGADO ASSOCIADO,São José do Rio Preto,SP,Advogado associado - direito do consumidor,2026-08-12,https://to.indeed.com/aapbfh9yzm8y,,,Candidatura pelo link da vaga (Indeed),Nao informado,Candidatar-se e ofertar disponibilidade remota / correspondencia em RO,84,A,Indeed Job Search API (via MCP Indeed)
OP0054,Cresol,Especialista Jurídico | Cresol Brasil,Chapecó,SC,Cooperativa de credito - recuperacao de credito e bancario,2026-05-26,https://to.indeed.com/aa28pnsbndq9,,,Candidatura pelo link da vaga (Indeed),Nao informado,Candidatar-se e ofertar disponibilidade remota / correspondencia em RO,84,A,Indeed Job Search API (via MCP Indeed)
OP0055,mottu,Advogado Junior - Contencioso,São Paulo,SP,"Contencioso cível, consumidor",2026-06-15,https://to.indeed.com/aa922w26ctck,,,Candidatura pelo link da vaga (Indeed),Nao informado,Ofertar correspondência e audiências em Rondônia,83,A,Indeed Job Search API (via MCP Indeed)
OP0056,NABARRETE E FERRO ADVOGADOS ASSOCIADOS,Advogado Supervisor de Acordos - Acordo Judicial,Campo Grande,MS,Acordos judiciais em massa,2026-09-02,https://to.indeed.com/aaqtdlkwzjht,,,Candidatura pelo link da vaga (Indeed),Nao informado,Candidatar-se e ofertar disponibilidade remota / correspondencia em RO,83,A,Indeed Job Search API (via MCP Indeed)
OP0057,QCA Advogados,Advogado(a) | CONSUMIDOR,Recife,PE,Direito do consumidor,2026-09-15,https://to.indeed.com/aajyx6ps8b8c,,,Candidatura pelo link da vaga (Indeed),Nao informado,Candidatar-se e ofertar disponibilidade remota / correspondencia em RO,83,A,Indeed Job Search API (via MCP Indeed)
OP0058,Jusbrasil,Team Lead - Operações Jurídicas | Trust & Safety,Remoto,BR,Legal operations,2026-08-25,https://to.indeed.com/aablcrgw6bgh,,,Candidatura pelo link da vaga (Indeed),Nao informado,Candidatar-se / ofertar apoio em legal ops e análise processual remota,82,A,Indeed Job Search API (via MCP Indeed)
OP0059,Trivale Administração Ltda - Valecard,ADVOGADO PLENO (foco em recuperação de ativos),Uberlândia,MG,"Recuperação de ativos, execução",2026-07-17,https://to.indeed.com/aap9vqbhg7fm,,,Candidatura pelo link da vaga (Indeed),Nao informado,Candidatar-se e ofertar disponibilidade remota / correspondencia em RO,82,A,Indeed Job Search API (via MCP Indeed)
OP0060,NABARRETE E FERRO ADVOGADOS ASSOCIADOS,Advogado Negociador - Cuiabá,Cuiabá,MT,"Negociação, acordos judiciais",2026-09-11,https://to.indeed.com/aadmwz9lgsjz,,,Candidatura pelo link da vaga (Indeed),Nao informado,Candidatar-se e ofertar disponibilidade remota / correspondencia em RO,82,A,Indeed Job Search API (via MCP Indeed)
OP0061,Mattos Filho,Advogado Júnior de Contencioso Judicial Tributário,Brasília,DF,Contencioso tributário,2026-04-11,https://to.indeed.com/aa8mthplsdg4,,,Candidatura pelo link da vaga (Indeed),Nao informado,Candidatar-se e ofertar disponibilidade remota / correspondencia em RO,82,A,Indeed Job Search API (via MCP Indeed)
OP0062,MadeiraMadeira,Advogado(a) de Contencioso Tributário,Curitiba,PR,Contencioso tributário,2026-09-13,https://to.indeed.com/aaxf47gcntqc,,,Candidatura pelo link da vaga (Indeed),Nao informado,Candidatar-se e ofertar disponibilidade remota / correspondencia em RO,82,A,Indeed Job Search API (via MCP Indeed)
OP0063,Urbano Vitalino Advogados,Advogado(a) Cível | Recife,Recife,PE,Contencioso cível,2026-07-12,https://to.indeed.com/aarjsm9jlzbq,,,Candidatura pelo link da vaga (Indeed),Nao informado,Candidatar-se e ofertar disponibilidade remota / correspondencia em RO,82,A,Indeed Job Search API (via MCP Indeed)
OP0064,IH Consultoria e Desenvolvimento Humano,Advogado(a) Controller Jurídico,Fortaleza,CE,Controladoria jurídica,2026-08-24,https://to.indeed.com/aagwz26v9lzt,,,Candidatura pelo link da vaga (Indeed),Nao informado,Candidatar-se e ofertar disponibilidade remota / correspondencia em RO,82,A,Indeed Job Search API (via MCP Indeed)
OP0065,Tributo Devido,Advogado(a) Sênior Jurídico Corporativo (Cobrança e LGPD) - PJ,Florianópolis,SC,Cobranca e LGPD em regime PJ,2026-09-01,https://to.indeed.com/aaft727gmtbs,,,Candidatura pelo link da vaga (Indeed),Nao informado,Candidatar-se e ofertar disponibilidade remota / correspondencia em RO,82,A,Indeed Job Search API (via MCP Indeed)
OP0066,Algar Telecom,Advogado Corporativo Sênior,Uberlândia,MG,Telecom - contencioso consumerista e corporativo,2026-08-05,https://to.indeed.com/aa8cwf4cbjvp,,,Candidatura pelo link da vaga (Indeed),Nao informado,Candidatar-se e ofertar disponibilidade remota / correspondencia em RO,82,A,Indeed Job Search API (via MCP Indeed)
OP0067,ALMEIDA & PANDOLFI DAMICO ADVOGADOS,Advogado(a) PREVIDENCIÁRIO,Vitória,ES,Previdenciario,2026-06-30,https://to.indeed.com/aaxhsmzhtwvz,,,Candidatura pelo link da vaga (Indeed),Nao informado,Candidatar-se e ofertar disponibilidade remota / correspondencia em RO,82,A,Indeed Job Search API (via MCP Indeed)
OP0068,Silva Santana & Teston Advogados,Advogado(a) Tributário Pleno (PJ),Joinville,SC,Tributario em regime PJ,2026-08-27,https://to.indeed.com/aax7b7hhhpcf,,,Candidatura pelo link da vaga (Indeed),Nao informado,Candidatar-se e ofertar disponibilidade remota / correspondencia em RO,82,A,Indeed Job Search API (via MCP Indeed)
OP0069,SAVE INTELIGENCIA TRIBUTARIA,ADVOGADO(A) - PJ,Jaraguá do Sul,SC,Tributario em regime PJ - recuperacao tributaria,2026-08-25,https://to.indeed.com/aahgwq7xhdf4,,,Candidatura pelo link da vaga (Indeed),Nao informado,Candidatar-se e ofertar disponibilidade remota / correspondencia em RO,82,A,Indeed Job Search API (via MCP Indeed)
OP0070,Moov Gente & Gestão,Advogado(a) Especialista em DIREITO BANCÁRIO,Teresina,PI,Contencioso bancario,2026-06-02,https://to.indeed.com/aavjzwwzqtfx,,,Candidatura pelo link da vaga (Indeed),Nao informado,Candidatar-se e ofertar disponibilidade remota / correspondencia em RO,82,A,Indeed Job Search API (via MCP Indeed)
OP0071,FBC Advogados,Advogado Associado (PJ),Sorocaba,SP,Advogado associado em regime PJ,2026-09-14,https://to.indeed.com/aagp89bm7n7n,,,Candidatura pelo link da vaga (Indeed),Nao informado,Candidatar-se e ofertar disponibilidade remota / correspondencia em RO,82,A,Indeed Job Search API (via MCP Indeed)
OP0072,Lacerda Santana Advogados,ADVOGADO PREVIDENCIÁRIO - Torre,João Pessoa,PB,Previdenciario,2026-08-29,https://to.indeed.com/aaxtzpbn7fch,,,Candidatura pelo link da vaga (Indeed),Nao informado,Candidatar-se e ofertar disponibilidade remota / correspondencia em RO,82,A,Indeed Job Search API (via MCP Indeed)
OP0073,ALMEIDA SANTOS ADVOGADOS,Advogado(a) - Contencioso Cível | Estratégico (PJ),São Paulo,SP,Contencioso civel em regime PJ,2026-08-22,https://to.indeed.com/aamkbxjl4c2b,,,Candidatura pelo link da vaga (Indeed),Nao informado,Candidatar-se e ofertar disponibilidade remota / correspondencia em RO,82,A,Indeed Job Search API (via MCP Indeed)
OP0074,ROCHA E SCHABATT ADVOCACIA,Advogado PREVIDENCIÁRIO – Indaial/SC,Indaial,SC,Previdenciario,2026-09-21,https://to.indeed.com/aaxmq8xdptp6,,,Candidatura pelo link da vaga (Indeed),Nao informado,Candidatar-se e ofertar disponibilidade remota / correspondencia em RO,82,A,Indeed Job Search API (via MCP Indeed)
OP0075,Gilli Basile Advogados,Advogado(a) Júnior – CONTROLADORIA JURÍDICA,Blumenau,SC,Controladoria juridica,2026-09-15,https://to.indeed.com/aacpm6n7xgp4,,,Candidatura pelo link da vaga (Indeed),Nao informado,Candidatar-se e ofertar disponibilidade remota / correspondencia em RO,82,A,Indeed Job Search API (via MCP Indeed)
OP0076,Mind Consultoria de Gente e Gestão,Advogado (a) / Bacharel em Direito,Ji-Paraná,RO,Direito geral,2026-02-28,https://to.indeed.com/aagyk2l2sfcg,,,Candidatura pelo link da vaga (Indeed),Nao informado,Cadastrar-se como profissional jurídico disponível na base da consultoria,80,A,Indeed Job Search API (via MCP Indeed)
OP0077,Madrona Advogados,Profissional de Advocacia Junior | Contencioso Estratégico,São Paulo,SP,Contencioso estratégico,2026-08-17,https://to.indeed.com/aagdn64fwsyx,,,Candidatura pelo link da vaga (Indeed),Nao informado,Propor parceria como correspondente em RO,80,A,Indeed Job Search API (via MCP Indeed)
OP0078,Ernesto Borges Advogados,ASSISTENTE JURÍDICO I,Campo Grande,MS,"Apoio processual, contencioso",2026-08-21,https://to.indeed.com/aaknhnlzhjm2,,,Candidatura pelo link da vaga (Indeed),Nao informado,Candidatar-se e ofertar disponibilidade remota / correspondencia em RO,80,A,Indeed Job Search API (via MCP Indeed)
OP0079,Amaggi,Advogado | Contencioso,Cuiabá,MT,"Contencioso, agronegócio",2026-08-31,https://to.indeed.com/aanxz47rg8pk,,,Candidatura pelo link da vaga (Indeed),Nao informado,Candidatar-se e ofertar disponibilidade remota / correspondencia em RO,80,A,Indeed Job Search API (via MCP Indeed)
OP0080,BBMD,Advogado Trabalhista - Setor de Audiências,Belém,PA,Audiências trabalhistas,2026-08-18,https://to.indeed.com/aatyxjnzk9ck,,,Candidatura pelo link da vaga (Indeed),Nao informado,Candidatar-se e ofertar disponibilidade remota / correspondencia em RO,80,A,Indeed Job Search API (via MCP Indeed)
OP0081,ATRACAO RH LTDA,ADVOGADO(A) ASSOCIADO CÍVEL – ÊNFASE EM DIREITO DO CONSUMIDOR,Belo Horizonte,MG,Advogado associado PJ - consumidor,2026-03-03,https://to.indeed.com/aayn6wrcqlfl,,,Candidatura pelo link da vaga (Indeed),Nao informado,Candidatar-se e ofertar disponibilidade remota / correspondencia em RO,80,A,Indeed Job Search API (via MCP Indeed)
OP0082,Rumo Brasil,Advogado(a) Cível Pleno | Contencioso e Consultivo Empresarial,Curitiba,PR,Contencioso cível e empresarial PJ,2026-06-05,https://to.indeed.com/aakwjl2mpmms,,,Candidatura pelo link da vaga (Indeed),Nao informado,Candidatar-se e ofertar disponibilidade remota / correspondencia em RO,80,A,Indeed Job Search API (via MCP Indeed)
OP0083,Kateto,Advogado Jr - Previdenciário,São Paulo,SP,Previdenciário,2026-07-15,https://to.indeed.com/aagsthnjws6t,,,Candidatura pelo link da vaga (Indeed),Nao informado,Candidatar-se e ofertar disponibilidade remota / correspondencia em RO,80,A,Indeed Job Search API (via MCP Indeed)
OP0084,Ultragaz,Advogado(a) Tributário & Previdenciário Pleno,São Paulo,SP,Tributário e previdenciário,2026-08-20,https://to.indeed.com/aa6c4vm78bzr,,,Candidatura pelo link da vaga (Indeed),Nao informado,Candidatar-se e ofertar disponibilidade remota / correspondencia em RO,80,A,Indeed Job Search API (via MCP Indeed)
OP0085,BYD Auto do Brasil,Advogado Pleno - Contencioso,Camaçari,BA,"Contencioso, consumidor",2026-09-03,https://to.indeed.com/aa7rhh9nmxlb,,,Candidatura pelo link da vaga (Indeed),Nao informado,Candidatar-se e ofertar disponibilidade remota / correspondencia em RO,80,A,Indeed Job Search API (via MCP Indeed)
OP0086,Skill Consultoria Empresarial,Auxiliar de Controladoria – REMOTO (PJ),Remoto,BR,Controladoria em regime PJ remoto,2026-08-25,https://to.indeed.com/aanbbc8k99kg,,,Candidatura pelo link da vaga (Indeed),Nao informado,Candidatar-se e ofertar disponibilidade remota / correspondencia em RO,80,A,Indeed Job Search API (via MCP Indeed)
OP0087,Transcend Consultoria de RH,Advogado(a) PREVIDENCIÁRIO(A) – Comercial (PJ),Florianópolis,SC,Previdenciario em regime PJ,2026-07-02,https://to.indeed.com/aaxcspqltbnz,,,Candidatura pelo link da vaga (Indeed),Nao informado,Candidatar-se e ofertar disponibilidade remota / correspondencia em RO,80,A,Indeed Job Search API (via MCP Indeed)
OP0088,EXM PARTNERS ASSESSORIA EMPRESARIAL,ADVOGADO(A) Especialista em Recuperação Judicial e Insolvência,Ribeirão Preto,SP,Recuperacao judicial e insolvencia,2026-07-20,https://to.indeed.com/aafrf84lwf4f,,,Candidatura pelo link da vaga (Indeed),Nao informado,Candidatar-se e ofertar disponibilidade remota / correspondencia em RO,80,A,Indeed Job Search API (via MCP Indeed)
OP0089,Prevedello Toldo & Zambonin Sociedade de Advogados,Advogado Júnior PREVIDENCIÁRIO,Uberlândia,MG,Previdenciario,2026-09-02,https://to.indeed.com/aaz6ywfxvpn2,,,Candidatura pelo link da vaga (Indeed),Nao informado,Candidatar-se e ofertar disponibilidade remota / correspondencia em RO,80,A,Indeed Job Search API (via MCP Indeed)
OP0090,Radar - Gestão para Advogados,ADVOGADO(A) PREVIDENCIÁRIO JÚNIOR,Londrina,PR,Previdenciario,2026-09-04,https://to.indeed.com/aahz9bdxmlzt,,,Candidatura pelo link da vaga (Indeed),Nao informado,Candidatar-se e ofertar disponibilidade remota / correspondencia em RO,80,A,Indeed Job Search API (via MCP Indeed)
OP0091,Falconi Camargos e Barbosa Wanderley Advogados,Supervisor Cível Pleno II,Natal,RN,Contencioso civel - supervisao,2026-09-10,https://to.indeed.com/aaf9tlcyqhzm,,,Candidatura pelo link da vaga (Indeed),Nao informado,Candidatar-se e ofertar disponibilidade remota / correspondencia em RO,80,A,Indeed Job Search API (via MCP Indeed)
OP0092,MARCOS DELLI RIBEIRO RODRIGUES Sociedade Individual de Advocacia,Assistente Administrativo de CONTROLADORIA JURÍDICA,Natal,RN,Controladoria juridica,2026-08-30,https://to.indeed.com/aac2fp27bsty,,,Candidatura pelo link da vaga (Indeed),Nao informado,Candidatar-se e ofertar disponibilidade remota / correspondencia em RO,80,A,Indeed Job Search API (via MCP Indeed)
OP0093,Aegea Saneamento,Analista Jurídico Pleno,Serra,ES,Saneamento - contencioso consumerista e regulatorio,2026-09-09,https://to.indeed.com/aa78lghygmk2,,,Candidatura pelo link da vaga (Indeed),Nao informado,Candidatar-se e ofertar disponibilidade remota / correspondencia em RO,80,A,Indeed Job Search API (via MCP Indeed)
OP0094,Talent Gestão de Pessoas,Advogado(a) de COBRANÇA,Teresina,PI,Cobranca judicial e extrajudicial,2026-08-24,https://to.indeed.com/aaw4648lqr7d,,,Candidatura pelo link da vaga (Indeed),Nao informado,Candidatar-se e ofertar disponibilidade remota / correspondencia em RO,80,A,Indeed Job Search API (via MCP Indeed)
OP0095,NKN Advogados,VAGA | ADVOGADO(A) – RECUPERAÇÃO JUDICIAL e EMPRESARIAL,São José do Rio Preto,SP,Recuperacao judicial e empresarial - duas vagas,2026-08-27,https://to.indeed.com/aaqzmfb9hvhy,,,Candidatura pelo link da vaga (Indeed),Nao informado,Candidatar-se e ofertar disponibilidade remota / correspondencia em RO,80,A,Indeed Job Search API (via MCP Indeed)
OP0096,GVC - Rodobens,ADVOGADO JR,São José do Rio Preto,SP,Consorcio e veiculos - contencioso consumerista,2026-05-12,https://to.indeed.com/aanhkb7wnr4s,,,Candidatura pelo link da vaga (Indeed),Nao informado,Candidatar-se e ofertar disponibilidade remota / correspondencia em RO,80,A,Indeed Job Search API (via MCP Indeed)
OP0097,Filipe Oliveira Advocacia,Advogado Associado / Pleno (PJ),Juiz de Fora,MG,Advogado associado em regime PJ - duas vagas,2026-08-31,https://to.indeed.com/aaw42n8qf2b4,,,Candidatura pelo link da vaga (Indeed),Nao informado,Candidatar-se e ofertar disponibilidade remota / correspondencia em RO,80,A,Indeed Job Search API (via MCP Indeed)
OP0098,Unimed Anápolis,ANALISTA JURÍDICO,Anápolis,GO,Saude suplementar - contencioso,2026-08-24,https://to.indeed.com/aak97j7dk6s6,,,Candidatura pelo link da vaga (Indeed),Nao informado,Candidatar-se e ofertar disponibilidade remota / correspondencia em RO,80,A,Indeed Job Search API (via MCP Indeed)
OP0099,Recruta Simples,Advogado(a) - Contencioso Bancário,Rio de Janeiro,RJ,Contencioso bancário,2026-08-24,https://to.indeed.com/aar2bk6kccqd,,,Candidatura pelo link da vaga (Indeed),Nao informado,Candidatar-se e ofertar cobertura de comarcas de RO em contencioso bancário,79,B,Indeed Job Search API (via MCP Indeed)
OP0100,Reclame AQUI,Advogado (a) Pleno,São Paulo,SP,"Consumidor, digital",2026-08-21,https://to.indeed.com/aaqf4cfnfglf,,,Candidatura pelo link da vaga (Indeed),Nao informado,Apresentar experiência em direito do consumidor,78,B,Indeed Job Search API (via MCP Indeed)
OP0101,Lima Junior Castro Ferreira e Advogados Associados,ADVOGADO(A) PLENO | ÁREA JUDICIAL TRIBUTÁRIA,Campinas,SP,Contencioso tributário,2026-03-24,https://to.indeed.com/aa464dvpyyn6,,,Candidatura pelo link da vaga (Indeed),Nao informado,Candidatar-se e ofertar disponibilidade remota / correspondencia em RO,78,B,Indeed Job Search API (via MCP Indeed)
OP0102,Sapiro Legal Connections,Advogado(a) Júnior/Pleno de Recuperação Judicial,Cuiabá,MT,Recuperação judicial,2026-08-10,https://to.indeed.com/aayhjcd2y7mz,,,Candidatura pelo link da vaga (Indeed),Nao informado,Candidatar-se e ofertar disponibilidade remota / correspondencia em RO,78,B,Indeed Job Search API (via MCP Indeed)
OP0103,BMA Advogados,Advogado(a) Júnior - Solução de Conflitos,Brasília,DF,Contencioso e resolução de conflitos,2026-08-08,https://to.indeed.com/aa2bpz92jqfx,,,Candidatura pelo link da vaga (Indeed),Nao informado,Candidatar-se e ofertar disponibilidade remota / correspondencia em RO,78,B,Indeed Job Search API (via MCP Indeed)
OP0104,ASSIS CASTRO E VIGO ADVOGADOS,Advogado Cível Sênior,Campo Grande,MS,Contencioso cível,2026-09-01,https://to.indeed.com/aad2xhfxdbys,,,Candidatura pelo link da vaga (Indeed),Nao informado,Candidatar-se e ofertar disponibilidade remota / correspondencia em RO,78,B,Indeed Job Search API (via MCP Indeed)
OP0105,BATISTA & SOUSA ADVOGADOS,Advogado(a) - Direito Bancário,Rio de Janeiro,RJ,Contencioso bancário,2026-07-24,https://to.indeed.com/aa24ry4ggnpc,,,Candidatura pelo link da vaga (Indeed),Nao informado,Candidatar-se e ofertar disponibilidade remota / correspondencia em RO,78,B,Indeed Job Search API (via MCP Indeed)
OP0106,MLR Advogados,Assistente Jurídico Previdenciário,São Paulo,SP,Previdenciário - apoio processual,2026-09-01,https://to.indeed.com/aaf9phnk89sd,,,Candidatura pelo link da vaga (Indeed),Nao informado,Candidatar-se e ofertar disponibilidade remota / correspondencia em RO,78,B,Indeed Job Search API (via MCP Indeed)
OP0107,Grupo Somapay,Analista Jurídico Sênior,Fortaleza,CE,"Jurídico corporativo, consignado",2026-09-06,https://to.indeed.com/aa4q8mlmzkvs,,,Candidatura pelo link da vaga (Indeed),Nao informado,Candidatar-se e ofertar disponibilidade remota / correspondencia em RO,78,B,Indeed Job Search API (via MCP Indeed)
OP0108,PANIAGO ADVOGADOS ASSOCIADOS,ADVOGADO NEGOCIADOR,Uberlândia,MG,"Negociacao, acordos",2026-06-23,https://to.indeed.com/aaq8fpy6n6tc,,,Candidatura pelo link da vaga (Indeed),Nao informado,Candidatar-se e ofertar disponibilidade remota / correspondencia em RO,78,B,Indeed Job Search API (via MCP Indeed)
OP0109,Grupo Águia Branca,Advogado Jr,Cariacica,ES,Transporte e logistica - trabalhista e consumidor,2026-09-10,https://to.indeed.com/aagt7xnqb8jw,,,Candidatura pelo link da vaga (Indeed),Nao informado,Candidatar-se e ofertar disponibilidade remota / correspondencia em RO,78,B,Indeed Job Search API (via MCP Indeed)
OP0110,Advocacia Brito,VAGA: ADVOGADA – COBRANÇA EXTRAJUDICIAL,Sorocaba,SP,Cobranca extrajudicial,2026-09-08,https://to.indeed.com/aabg2c2vpdj8,,,Candidatura pelo link da vaga (Indeed),Nao informado,Candidatar-se e ofertar disponibilidade remota / correspondencia em RO,78,B,Indeed Job Search API (via MCP Indeed)
OP0111,R&S Consultoria,Advogado(a) PREVIDENCIÁRIO,Aracaju,SE,Previdenciario,2026-09-09,https://to.indeed.com/aag2ql7qd2sx,,,Candidatura pelo link da vaga (Indeed),Nao informado,Candidatar-se e ofertar disponibilidade remota / correspondencia em RO,78,B,Indeed Job Search API (via MCP Indeed)
OP0112,Perez de Rezende Advogados,Advogado Cível (PJ),Rio de Janeiro,RJ,Contencioso civel PJ,2026-09-15,https://to.indeed.com/aaxy229fnhpz,,,Candidatura pelo link da vaga (Indeed),Nao informado,Candidatar-se e ofertar disponibilidade remota / correspondencia em RO,78,B,Indeed Job Search API (via MCP Indeed)
OP0113,Bonfim Advocacia,Advogado Associado - Cível,Juiz de Fora,MG,Advogado associado - civel,2026-09-14,https://to.indeed.com/aagmjdqw2ykk,,,Candidatura pelo link da vaga (Indeed),Nao informado,Candidatar-se e ofertar disponibilidade remota / correspondencia em RO,78,B,Indeed Job Search API (via MCP Indeed)
OP0114,Meet Recrutamento e Seleção,ADVOGADO(A) JÚNIOR | CONTENCIOSO CÍVEL ESTRATÉGICO,São Paulo,SP,Contencioso cível,2026-08-11,https://to.indeed.com/aaytrh678p4b,,,Candidatura pelo link da vaga (Indeed),Nao informado,"Cadastrar-se como profissional PJ disponível, inclusive remoto",76,B,Indeed Job Search API (via MCP Indeed)
OP0115,ESPAÇOLASER,Advogada,Cuiabá,MT,"Jurídico corporativo, consumidor",2026-09-17,https://to.indeed.com/aawc96xdflc6,,,Candidatura pelo link da vaga (Indeed),Nao informado,Candidatar-se e ofertar disponibilidade remota / correspondencia em RO,76,B,Indeed Job Search API (via MCP Indeed)
OP0116,TAMER HABIB AIRES MERHI Sociedade Individual de Advocacia,Advogado(a) pleno Cível (PJ),Goiânia,GO,Contencioso cível (PJ),2026-03-20,https://to.indeed.com/aawhscmpt8nh,,,Candidatura pelo link da vaga (Indeed),Nao informado,Candidatar-se e ofertar disponibilidade remota / correspondencia em RO,76,B,Indeed Job Search API (via MCP Indeed)
OP0117,BLJ Direito e Negócios,Advogado(a) Tributarista,Brasília,DF,Tributário,2026-07-06,https://to.indeed.com/aalslhfnn4cy,,,Candidatura pelo link da vaga (Indeed),Nao informado,Candidatar-se e ofertar disponibilidade remota / correspondencia em RO,76,B,Indeed Job Search API (via MCP Indeed)
OP0118,Relou RH Especializado,Advogado(a) Júnior | Direito Civil e Contencioso Cível,Belo Horizonte,MG,Contencioso cível,2026-09-16,https://to.indeed.com/aalklzmvwbg9,,,Candidatura pelo link da vaga (Indeed),Nao informado,Candidatar-se e ofertar disponibilidade remota / correspondencia em RO,76,B,Indeed Job Search API (via MCP Indeed)
OP0119,FHR Estratégia de Pessoas,Advogado(a) Trabalhista Pleno - Atuação Patronal,Curitiba,PR,Contencioso trabalhista patronal,2026-09-11,https://to.indeed.com/aa7g9y672lc8,,,Candidatura pelo link da vaga (Indeed),Nao informado,Candidatar-se e ofertar disponibilidade remota / correspondencia em RO,76,B,Indeed Job Search API (via MCP Indeed)
OP0120,NEST Construções e Incorporações,Advogado Associado,Jaboatão dos Guararapes,PE,Advogado associado - imobiliário,2026-08-21,https://to.indeed.com/aas7frjx6shl,,,Candidatura pelo link da vaga (Indeed),Nao informado,Candidatar-se e ofertar disponibilidade remota / correspondencia em RO,76,B,Indeed Job Search API (via MCP Indeed)
OP0121,Valença & Associados,Advogado(a) Pleno | Cível,Fortaleza,CE,Contencioso cível,2026-08-20,https://to.indeed.com/aa2qwmkzp42r,,,Candidatura pelo link da vaga (Indeed),Nao informado,Candidatar-se e ofertar disponibilidade remota / correspondencia em RO,76,B,Indeed Job Search API (via MCP Indeed)
OP0122,Escritório Rosângela Rocha Advocacia,Assistente Jurídico | PREVIDENCIÁRIO,Teresina,PI,Previdenciario - apoio processual,2026-08-24,https://to.indeed.com/aathbwqs2lk4,,,Candidatura pelo link da vaga (Indeed),Nao informado,Candidatar-se e ofertar disponibilidade remota / correspondencia em RO,76,B,Indeed Job Search API (via MCP Indeed)
OP0123,SLEDER ARAN GENTA ADVOGADOS,Advogado Junior - Departamento de Reestruturação,Maringá,PR,Reestruturacao e recuperacao judicial,2026-09-16,https://to.indeed.com/aaml9bdymvkm,,,Candidatura pelo link da vaga (Indeed),Nao informado,Candidatar-se e ofertar disponibilidade remota / correspondencia em RO,76,B,Indeed Job Search API (via MCP Indeed)
OP0124,Dmartini Serviços,ADVOGADO(A) SÊNIOR | CONTENCIOSO ESTRATÉGICO,São Paulo,SP,Contencioso estrategico,2026-08-26,https://to.indeed.com/aa4yzcsdlpqs,,,Candidatura pelo link da vaga (Indeed),Nao informado,Candidatar-se e ofertar disponibilidade remota / correspondencia em RO,76,B,Indeed Job Search API (via MCP Indeed)
OP0125,Ruediger Advogados Associados,ADVOGADO – TRABALHISTA EMPRESARIAL/PATRONAL,Blumenau,SC,Trabalhista patronal,2026-09-16,https://to.indeed.com/aa9ghj2jxmxf,,,Candidatura pelo link da vaga (Indeed),Nao informado,Candidatar-se e ofertar disponibilidade remota / correspondencia em RO,76,B,Indeed Job Search API (via MCP Indeed)
OP0126,MEIZON CONSULTORIA E NEGOCIOS LTDA,Advogada Processualista,Brasília,DF,"Elaboração de peças, contencioso",2026-03-01,https://to.indeed.com/aavqkvmkqccy,,,Candidatura pelo link da vaga (Indeed),Nao informado,Candidatar-se e ofertar disponibilidade remota / correspondencia em RO,75,B,Indeed Job Search API (via MCP Indeed)
OP0127,LawHunter,Analista Financeiro,Remoto,BR,Recrutamento jurídico,2026-02-26,https://to.indeed.com/aav2smhsc627,,,Candidatura pelo link da vaga (Indeed),Nao informado,Cadastrar-se na base de talentos jurídicos da plataforma,74,B,Indeed Job Search API (via MCP Indeed)
OP0128,TRANSPANORAMA TRANSPORTES,Analista Jurídico (Agro) - Maringá/PR,Maringá,PR,"Jurídico agro, transporte",2026-09-15,https://to.indeed.com/aaymvlbqtbnr,,,Candidatura pelo link da vaga (Indeed),Nao informado,Candidatar-se e ofertar disponibilidade remota / correspondencia em RO,74,B,Indeed Job Search API (via MCP Indeed)
OP0129,MACHADO & PEREIRA ADVOGADOS ASSOCIADOS S/S,[JUR] Advogado(a) — Contencioso Cível/Empresarial,Goiânia,GO,Contencioso cível e empresarial,2026-08-14,https://to.indeed.com/aa84fp88n7cf,,,Candidatura pelo link da vaga (Indeed),Nao informado,Candidatar-se e ofertar disponibilidade remota / correspondencia em RO,74,B,Indeed Job Search API (via MCP Indeed)
OP0130,Sicredi Ouro Verde MT/PA,Gerente de Negócios Pessoa Jurídica,Belém,PA,Cooperativa de crédito - carteira PJ,2026-08-20,https://to.indeed.com/aaygksxyzvrd,,,Candidatura pelo link da vaga (Indeed),Nao informado,Candidatar-se e ofertar disponibilidade remota / correspondencia em RO,74,B,Indeed Job Search API (via MCP Indeed)
OP0131,Daniel Frederighi Advogados Associados,Advogado(a) Júnior - IMOBILIÁRIO,Belo Horizonte,MG,Contencioso imobiliário,2026-09-03,https://to.indeed.com/aacfjtnrphmf,,,Candidatura pelo link da vaga (Indeed),Nao informado,Candidatar-se e ofertar disponibilidade remota / correspondencia em RO,74,B,Indeed Job Search API (via MCP Indeed)
OP0132,Vernalha Pereira,Advogado(a) - Licitações e Gestão contratual,Curitiba,PR,"Licitações, administrativo",2026-09-16,https://to.indeed.com/aazw264bfqf8,,,Candidatura pelo link da vaga (Indeed),Nao informado,Candidatar-se e ofertar disponibilidade remota / correspondencia em RO,74,B,Indeed Job Search API (via MCP Indeed)
OP0133,ISENSEE ADVOCACIA,Advogado(a) Cível Estratégico(a) – Atuação Multidisciplinar,Salvador,BA,Contencioso cível,2026-06-02,https://to.indeed.com/aa2ws9w2gnhk,,,Candidatura pelo link da vaga (Indeed),Nao informado,Candidatar-se e ofertar disponibilidade remota / correspondencia em RO,74,B,Indeed Job Search API (via MCP Indeed)
OP0134,Samir Jereissati Advocacia,ADVOGADO JR (PROCESSUAL/CONTENCIOSO),Fortaleza,CE,"Contencioso, análise processual",2026-09-09,https://to.indeed.com/aa6wjsy426d6,,,Candidatura pelo link da vaga (Indeed),Nao informado,Candidatar-se e ofertar disponibilidade remota / correspondencia em RO,74,B,Indeed Job Search API (via MCP Indeed)
OP0135,Sarmento Advocacia,ADVOGADA(O) OU BACHAREL – DIREITO TRABALHISTA,Florianópolis,SC,Contencioso trabalhista,2026-09-14,https://to.indeed.com/aavx7vlh99nz,,,Candidatura pelo link da vaga (Indeed),Nao informado,Candidatar-se e ofertar disponibilidade remota / correspondencia em RO,74,B,Indeed Job Search API (via MCP Indeed)
OP0136,TORTORO MADUREIRA & RAGAZZI ADVOGADOS,Advogado(a) Júnior - Imobiliário,Ribeirão Preto,SP,Contencioso imobiliario,2026-07-29,https://to.indeed.com/aa84tfyk9r4k,,,Candidatura pelo link da vaga (Indeed),Nao informado,Candidatar-se e ofertar disponibilidade remota / correspondencia em RO,74,B,Indeed Job Search API (via MCP Indeed)
OP0137,Ramos Benedetti Advogados,Auxiliar Jurídico (Crédito Imobiliário),Ribeirão Preto,SP,"Credito imobiliario, execucao",2026-09-03,https://to.indeed.com/aacm9tdtq9v2,,,Candidatura pelo link da vaga (Indeed),Nao informado,Candidatar-se e ofertar disponibilidade remota / correspondencia em RO,74,B,Indeed Job Search API (via MCP Indeed)
OP0138,FRAGA ASSESSORIA E TREINAMENTO,Advogado(a) - Londrina/PR (PJ),Londrina,PR,Direito geral PJ,2026-09-17,https://to.indeed.com/aalvdrltmtzv,,,Candidatura pelo link da vaga (Indeed),Nao informado,Candidatar-se e ofertar disponibilidade remota / correspondencia em RO,74,B,Indeed Job Search API (via MCP Indeed)
OP0139,MELO ADVOGADOS ASSOCIADOS,Advogado(a) | Supervisor(a) Jurídico,Natal,RN,"Supervisao juridica, contencioso",2026-04-22,https://to.indeed.com/aa7yt8vxv96p,,,Candidatura pelo link da vaga (Indeed),Nao informado,Candidatar-se e ofertar disponibilidade remota / correspondencia em RO,74,B,Indeed Job Search API (via MCP Indeed)
OP0140,Rôgga,ANALISTA JURÍDICO III,Joinville,SC,Incorporacao imobiliaria - distratos e consumidor,2026-07-31,https://to.indeed.com/aa7qnktzyq4w,,,Candidatura pelo link da vaga (Indeed),Nao informado,Candidatar-se e ofertar disponibilidade remota / correspondencia em RO,74,B,Indeed Job Search API (via MCP Indeed)
OP0141,iox,Advogado Especialista de Recuperação Judicial,Sorocaba,SP,Recuperacao judicial,2026-08-19,https://to.indeed.com/aacym2z4wfsx,,,Candidatura pelo link da vaga (Indeed),Nao informado,Candidatar-se e ofertar disponibilidade remota / correspondencia em RO,74,B,Indeed Job Search API (via MCP Indeed)
OP0142,Paraná Assistência Médica,Assistente Jurídico,Maringá,PR,Saude suplementar - contencioso,2026-09-11,https://to.indeed.com/aavk6khzmph8,,,Candidatura pelo link da vaga (Indeed),Nao informado,Candidatar-se e ofertar disponibilidade remota / correspondencia em RO,74,B,Indeed Job Search API (via MCP Indeed)
OP0143,SANCHEZ E SANCHEZ SOCIEDADE DE ADVOGADOS,Negociador Especialista,Juiz de Fora,MG,Negociacao e acordos judiciais,2026-09-09,https://to.indeed.com/aaxpr9sjbxsk,,,Candidatura pelo link da vaga (Indeed),Nao informado,Candidatar-se e ofertar disponibilidade remota / correspondencia em RO,74,B,Indeed Job Search API (via MCP Indeed)
OP0144,"GASTALDELLO, TURCO, BARROS E ADVOGADOS ASSOCIADOS",Advogado Jr (PJ),São Bernardo do Campo,SP,Direito geral em regime PJ,2026-09-04,https://to.indeed.com/aa6827g2p98g,,,Candidatura pelo link da vaga (Indeed),Nao informado,Candidatar-se e ofertar disponibilidade remota / correspondencia em RO,74,B,Indeed Job Search API (via MCP Indeed)
OP0145,redepharma,ASSESSOR JURÍDICO CAMPINA GRANDE,Campina Grande,PB,Varejo farmaceutico - consumidor e trabalhista,2026-09-17,https://to.indeed.com/aamkqmkhrf9w,,,Candidatura pelo link da vaga (Indeed),Nao informado,Candidatar-se e ofertar disponibilidade remota / correspondencia em RO,74,B,Indeed Job Search API (via MCP Indeed)
OP0146,Gabriel Malheiros Advogados,ASSISTENTE DE NOVOS NEGÓCIOS (Remoto),Remoto,BR,"Escritorio em expansao comercial, vaga remota",2026-09-19,https://to.indeed.com/aarvfs4tm49v,,,Candidatura pelo link da vaga (Indeed),Nao informado,Candidatar-se e ofertar disponibilidade remota / correspondencia em RO,74,B,Indeed Job Search API (via MCP Indeed)
OP0147,"CAUS, CIARALO, LOUREIRO & ANDRAUS SOCIEDADE DE ADVOGADOS",Advogado (a) Pleno (a) Área Consultoria Tributária,São Paulo,SP,Tributário,2026-06-02,https://to.indeed.com/aavzt4ybxzg7,,,Candidatura pelo link da vaga (Indeed),Nao informado,Apresentar experiência em execução fiscal e exceção de pré-executividade,72,B,Indeed Job Search API (via MCP Indeed)
OP0148,CashMe,Analista de Registro Jr,São Paulo,SP,"Imobiliário, crédito com garantia",2026-08-28,https://to.indeed.com/aa4bkxbnjlsn,,,Candidatura pelo link da vaga (Indeed),Nao informado,Candidatar-se e ofertar disponibilidade remota / correspondencia em RO,72,B,Indeed Job Search API (via MCP Indeed)
OP0149,Vilarouca Advocacia,Advogado (Autônomo/PJ),Cuiabá,MT,Direito geral (PJ),2026-08-20,https://to.indeed.com/aa4gn6fchd7l,,,Candidatura pelo link da vaga (Indeed),Nao informado,Candidatar-se e ofertar disponibilidade remota / correspondencia em RO,72,B,Indeed Job Search API (via MCP Indeed)
OP0150,AGNALDO BASTOS - Sociedade Individual de Advocacia,Advogado(a) Associado(a) do departamento Comercial,Goiânia,GO,Advogado associado,2026-03-06,https://to.indeed.com/aadwgzmtbppt,,,Candidatura pelo link da vaga (Indeed),Nao informado,Candidatar-se e ofertar disponibilidade remota / correspondencia em RO,72,B,Indeed Job Search API (via MCP Indeed)
OP0151,Bidese Construtora,Advogado Sênior,Curitiba,PR,"Imobiliário, contencioso",2026-09-15,https://to.indeed.com/aajjsthbn7kc,,,Candidatura pelo link da vaga (Indeed),Nao informado,Candidatar-se e ofertar disponibilidade remota / correspondencia em RO,72,B,Indeed Job Search API (via MCP Indeed)
OP0152,CONSTRUCAP,Advogado Pleno - Consultivo e Contratos,Salvador,BA,"Contratos, construção civil",2026-04-28,https://to.indeed.com/aa497wr8mgwy,,,Candidatura pelo link da vaga (Indeed),Nao informado,Candidatar-se e ofertar disponibilidade remota / correspondencia em RO,72,B,Indeed Job Search API (via MCP Indeed)
OP0153,TUPY,Analista Jurídico Tributário Sênior,Joinville,SC,Tributario industrial,2026-08-20,https://to.indeed.com/aanl66nxy7qc,,,Candidatura pelo link da vaga (Indeed),Nao informado,Candidatar-se e ofertar disponibilidade remota / correspondencia em RO,72,B,Indeed Job Search API (via MCP Indeed)
OP0154,CS Consultoria,ADVOGADO TRIBUTARISTA PLENO,Joinville,SC,Tributario,2026-09-14,https://to.indeed.com/aavhgqxhldnv,,,Candidatura pelo link da vaga (Indeed),Nao informado,Candidatar-se e ofertar disponibilidade remota / correspondencia em RO,72,B,Indeed Job Search API (via MCP Indeed)
OP0155,Cristofolini Advogados,Advogado(a) – Direito Empresarial e Trabalhista,Blumenau,SC,Empresarial e trabalhista,2026-09-10,https://to.indeed.com/aafz6spdkz87,,,Candidatura pelo link da vaga (Indeed),Nao informado,Candidatar-se e ofertar disponibilidade remota / correspondencia em RO,72,B,Indeed Job Search API (via MCP Indeed)
OP0156,BP - A Beneficência Portuguesa de São Paulo,Especialista Práticas Médicas (Remoto),Remoto,BR,Saude - responsabilidade civil medica,2026-08-28,https://to.indeed.com/aa8zqgvw74tj,,,Candidatura pelo link da vaga (Indeed),Nao informado,Candidatar-se e ofertar disponibilidade remota / correspondencia em RO,72,B,Indeed Job Search API (via MCP Indeed)
OP0157,Jobbol (Grupo Nunchi),ADVOGADO TRABALHISTA - Centro (Grupo Nunchi),Remoto,BR,Trabalhista,2026-08-07,https://to.indeed.com/aad8dx8d9jb8,,,Candidatura pelo link da vaga (Indeed),Nao informado,Candidatar-se à vaga remota,71,B,Indeed Job Search API (via MCP Indeed)
OP0158,Mind Consultoria de Gente e Gestão,Assistente de Intake Jurídico,Ji-Paraná,RO,Backoffice jurídico,2026-02-28,https://to.indeed.com/aa4srg9c9rhf,,,Candidatura pelo link da vaga (Indeed),Nao informado,Identificar o escritório cliente e propor apoio processual remoto,70,B,Indeed Job Search API (via MCP Indeed)
OP0159,ＡＢＩＬＩＴＹ,Advogado Pleno (Trabalhista / Reclamada),São Paulo,SP,Trabalhista patronal,2026-08-14,https://to.indeed.com/aady66mwqjp7,,,Candidatura pelo link da vaga (Indeed),Nao informado,Cadastrar-se na base de talentos jurídicos,70,B,Indeed Job Search API (via MCP Indeed)
OP0160,KLA Advogados,Paralegal - Mercado de Capitais/Imobiliário,São Paulo,SP,"Apoio processual, imobiliário",2026-09-12,https://to.indeed.com/aagvklrzdx72,,,Candidatura pelo link da vaga (Indeed),Nao informado,Candidatar-se e ofertar disponibilidade remota / correspondencia em RO,70,B,Indeed Job Search API (via MCP Indeed)
OP0161,Agenda Assessoria,Consultor Jurídico,Cuiabá,MT,Consultoria jurídica,2026-08-31,https://to.indeed.com/aasn6yjykfj6,,,Candidatura pelo link da vaga (Indeed),Nao informado,Candidatar-se e ofertar disponibilidade remota / correspondencia em RO,70,B,Indeed Job Search API (via MCP Indeed)
OP0162,YDUQS,ADVOGADO NPJ,Belém,PA,Jurídico educacional,2026-08-08,https://to.indeed.com/aahvdwkqsrfw,,,Candidatura pelo link da vaga (Indeed),Nao informado,Candidatar-se e ofertar disponibilidade remota / correspondencia em RO,70,B,Indeed Job Search API (via MCP Indeed)
OP0163,Rafaela Santana Consultoria,Advogado(a) Júnior – Direito Administrativo,Brasília,DF,Direito administrativo,2026-09-02,https://to.indeed.com/aa79cjmpxkp6,,,Candidatura pelo link da vaga (Indeed),Nao informado,Candidatar-se e ofertar disponibilidade remota / correspondencia em RO,70,B,Indeed Job Search API (via MCP Indeed)
OP0164,Oliveira e Camilo Sociedade de Advogados,Advogado Cível,Belo Horizonte,MG,Contencioso cível,2026-05-15,https://to.indeed.com/aalgjgy29fys,,,Candidatura pelo link da vaga (Indeed),Nao informado,Candidatar-se e ofertar disponibilidade remota / correspondencia em RO,70,B,Indeed Job Search API (via MCP Indeed)
OP0165,CS Advocacia,Advogado (Autônomo/PJ),Belo Horizonte,MG,Direito geral PJ,2026-03-19,https://to.indeed.com/aac8cqb6q4jt,,,Candidatura pelo link da vaga (Indeed),Nao informado,Candidatar-se e ofertar disponibilidade remota / correspondencia em RO,70,B,Indeed Job Search API (via MCP Indeed)
OP0166,GLASSES SANTANA COSTA,Advogado(a) Júnior – Contencioso,Curitiba,PR,Contencioso,2026-09-14,https://to.indeed.com/aabrrsh2y8yz,,,Candidatura pelo link da vaga (Indeed),Nao informado,Candidatar-se e ofertar disponibilidade remota / correspondencia em RO,70,B,Indeed Job Search API (via MCP Indeed)
OP0167,DrogaVET Farmácias de Manipulação e Indústria,ADVOGADO(A) | CONTENCIOSO CÍVEL,Curitiba,PR,Contencioso cível,2026-08-24,https://to.indeed.com/aa2xdcyv49j9,,,Candidatura pelo link da vaga (Indeed),Nao informado,Candidatar-se e ofertar disponibilidade remota / correspondencia em RO,70,B,Indeed Job Search API (via MCP Indeed)
OP0168,RHF Talentos,ADVOGADO SÊNIOR / PLENO,Recife,PE,Direito geral - recrutadora,2026-08-17,https://to.indeed.com/aapdkzpk7bvn,,,Candidatura pelo link da vaga (Indeed),Nao informado,Candidatar-se e ofertar disponibilidade remota / correspondencia em RO,70,B,Indeed Job Search API (via MCP Indeed)
OP0169,ACOMEX Import Export,"Advogado(a) Imobiliário, Sucessório e Cível",Fortaleza,CE,"Imobiliário, sucessório, cível",2026-08-21,https://to.indeed.com/aagvsrx8gwvq,,,Candidatura pelo link da vaga (Indeed),Nao informado,Candidatar-se e ofertar disponibilidade remota / correspondencia em RO,70,B,Indeed Job Search API (via MCP Indeed)
OP0170,Stocche Forbes Advogados,Advogado(a) Júnior - Compliance,Ribeirão Preto,SP,Compliance,2026-05-21,https://to.indeed.com/aaly7xqp2zkq,,,Candidatura pelo link da vaga (Indeed),Nao informado,Candidatar-se e ofertar disponibilidade remota / correspondencia em RO,70,B,Indeed Job Search API (via MCP Indeed)
OP0171,AMARAL VASCONCELLOS,Analista Jurídico,Londrina,PR,"Apoio juridico, contencioso",2026-09-09,https://to.indeed.com/aa6fnxthq9hx,,,Candidatura pelo link da vaga (Indeed),Nao informado,Candidatar-se e ofertar disponibilidade remota / correspondencia em RO,70,B,Indeed Job Search API (via MCP Indeed)
OP0172,GARDEMANN E SELHORST ADVOGADOS ASSOCIADOS,Advogado (a),Londrina,PR,Direito geral,2026-07-28,https://to.indeed.com/aad2nfyvyn47,,,Candidatura pelo link da vaga (Indeed),Nao informado,Candidatar-se e ofertar disponibilidade remota / correspondencia em RO,70,B,Indeed Job Search API (via MCP Indeed)
OP0173,ROCHA & ROCHA ADVOGADOS,Advogado Pleno,Londrina,PR,Direito geral,2026-09-02,https://to.indeed.com/aa9wfkk7xtcx,,,Candidatura pelo link da vaga (Indeed),Nao informado,Candidatar-se e ofertar disponibilidade remota / correspondencia em RO,70,B,Indeed Job Search API (via MCP Indeed)
OP0174,RH Ser Consultoria,Advogado Associado (Licitação),Natal,RN,Advogado associado - licitacoes,2026-05-18,https://to.indeed.com/aaxxpnnhv6lw,,,Candidatura pelo link da vaga (Indeed),Nao informado,Candidatar-se e ofertar disponibilidade remota / correspondencia em RO,70,B,Indeed Job Search API (via MCP Indeed)
OP0175,martorelli advogados,Assistente / Estagiário de Direito - Maceió,Maceió,AL,Apoio processual,2026-09-15,https://to.indeed.com/aar72sdpj6hd,,,Candidatura pelo link da vaga (Indeed),Nao informado,Candidatar-se e ofertar disponibilidade remota / correspondencia em RO,70,B,Indeed Job Search API (via MCP Indeed)
OP0176,Lobo & Vaz Advogados Associados,Advogado Pleno - Cível / Contratos,Coqueiros,SC,Contencioso civel e contratos,2026-08-06,https://to.indeed.com/aa7yfqdwgbd2,,,Candidatura pelo link da vaga (Indeed),Nao informado,Candidatar-se e ofertar disponibilidade remota / correspondencia em RO,70,B,Indeed Job Search API (via MCP Indeed)
OP0177,Alves & Nabuco,Advogado(a) Trabalhista,Sorocaba,SP,Contencioso trabalhista,2026-08-24,https://to.indeed.com/aadpm46bkflj,,,Candidatura pelo link da vaga (Indeed),Nao informado,Candidatar-se e ofertar disponibilidade remota / correspondencia em RO,70,B,Indeed Job Search API (via MCP Indeed)
OP0178,Ecossistema ARGENTA,Advogado(a) Sênior - Contratos,Flores da Cunha,RS,"Contratos, credito",2026-08-28,https://to.indeed.com/aaslnlk8svd9,,,Candidatura pelo link da vaga (Indeed),Nao informado,Candidatar-se e ofertar disponibilidade remota / correspondencia em RO,70,B,Indeed Job Search API (via MCP Indeed)
OP0179,G10 Transportes,Advogado (a),Maringá,PR,Transporte - trabalhista e civel,2026-09-14,https://to.indeed.com/aannqwx86x9h,,,Candidatura pelo link da vaga (Indeed),Nao informado,Candidatar-se e ofertar disponibilidade remota / correspondencia em RO,70,B,Indeed Job Search API (via MCP Indeed)
OP0180,MONTEIRO E BRITO ADVOGADOS ASSOCIADOS,Advogado cível,Rio de Janeiro,RJ,Contencioso civel,2026-08-05,https://to.indeed.com/aa2x6nc6vz27,,,Candidatura pelo link da vaga (Indeed),Nao informado,Candidatar-se e ofertar disponibilidade remota / correspondencia em RO,70,B,Indeed Job Search API (via MCP Indeed)
OP0181,Campello Fortes Advogados,ADVOGADO TRABALHISTA,Niterói,RJ,Contencioso trabalhista,2026-09-16,https://to.indeed.com/aavwzmtmnsjl,,,Candidatura pelo link da vaga (Indeed),Nao informado,Candidatar-se e ofertar disponibilidade remota / correspondencia em RO,70,B,Indeed Job Search API (via MCP Indeed)
OP0182,"Cascaes, Hirt e Leiria Advocacia Empresarial",Advogado(a) Cível Júnior,Blumenau,SC,Contencioso civel empresarial,2026-08-24,https://to.indeed.com/aamx668jywgv,,,Candidatura pelo link da vaga (Indeed),Nao informado,Candidatar-se e ofertar disponibilidade remota / correspondencia em RO,70,B,Indeed Job Search API (via MCP Indeed)
OP0183,Evoservin,Advogado - CÍVEL,Juiz de Fora,MG,Contencioso civel,2026-09-21,https://to.indeed.com/aadk8jj8dsty,,,Candidatura pelo link da vaga (Indeed),Nao informado,Candidatar-se e ofertar disponibilidade remota / correspondencia em RO,70,B,Indeed Job Search API (via MCP Indeed)
OP0184,Evolução RH - Gestão e Gente,ADVOGADO / ANALISTA JURÍDICO,Chapecó,SC,Direito geral - recrutadora com tres vagas juridicas,2026-09-17,https://to.indeed.com/aakz8qdyfkvl,,,Candidatura pelo link da vaga (Indeed),Nao informado,Candidatar-se e ofertar disponibilidade remota / correspondencia em RO,70,B,Indeed Job Search API (via MCP Indeed)
OP0185,Escritório de Advocacia e Consultoria (anunciante Indeed),VAGA: ADVOGADO(A) JÚNIOR CÍVEL,Remoto,BR,Cível,2026-09-08,https://to.indeed.com/aasxqj7svrrn,,,Candidatura pelo link da vaga (Indeed),Nao informado,Candidatar-se à vaga remota,69,B,Indeed Job Search API (via MCP Indeed)
OP0186,Oliveira e Antunes Advogados Associados,Advogado | São Paulo,São Paulo,SP,Direito geral,2026-07-31,https://to.indeed.com/aa7p6vsmhk77,,,Candidatura pelo link da vaga (Indeed),Nao informado,Propor parceria entre escritórios,68,B,Indeed Job Search API (via MCP Indeed)
OP0187,Log Lab,Analista Jurídico,Cuiabá,MT,"Apoio jurídico, logística",2026-07-23,https://to.indeed.com/aawjzx4vlsph,,,Candidatura pelo link da vaga (Indeed),Nao informado,Candidatar-se e ofertar disponibilidade remota / correspondencia em RO,68,B,Indeed Job Search API (via MCP Indeed)
OP0188,FOURCE CONSULTORIA EMPRESARIAL LTDA,ADVOGADO CONTENCIOSO SR,Cuiabá,MT,Contencioso,2026-02-28,https://to.indeed.com/aan7ylmyd9l7,,,Candidatura pelo link da vaga (Indeed),Nao informado,Candidatar-se e ofertar disponibilidade remota / correspondencia em RO,68,B,Indeed Job Search API (via MCP Indeed)
OP0189,Dias Costa Advogados,Advogado(a) - Contencioso Cível,Belo Horizonte,MG,Contencioso cível,2026-08-25,https://to.indeed.com/aabxfmrbpfz6,,,Candidatura pelo link da vaga (Indeed),Nao informado,Candidatar-se e ofertar disponibilidade remota / correspondencia em RO,68,B,Indeed Job Search API (via MCP Indeed)
OP0190,CRP Tech,Analista de Jurídico e Contratos,Palmas,TO,"Contratos, apoio jurídico",2026-09-08,https://to.indeed.com/aav4fkz8cscp,,,Candidatura pelo link da vaga (Indeed),Nao informado,Candidatar-se e ofertar disponibilidade remota / correspondencia em RO,68,B,Indeed Job Search API (via MCP Indeed)
OP0191,Cogna,PESSOA ADVOGADA JR - RESPONSÁVEL TÉCNICO NPJ,Palmas,TO,Jurídico educacional,2026-08-29,https://to.indeed.com/aanbn7kmzcsq,,,Candidatura pelo link da vaga (Indeed),Nao informado,Candidatar-se e ofertar disponibilidade remota / correspondencia em RO,68,B,Indeed Job Search API (via MCP Indeed)
OP0192,A & F Desenvolvimento de Talentos,Advogado Contencioso Trabalhista,Recife,PE,Contencioso trabalhista,2026-04-23,https://to.indeed.com/aatg46fx2ctq,,,Candidatura pelo link da vaga (Indeed),Nao informado,Candidatar-se e ofertar disponibilidade remota / correspondencia em RO,68,B,Indeed Job Search API (via MCP Indeed)
OP0193,Avem Brasil,ADVOGADO - Boa Viagem,Recife,PE,Direito geral,2026-08-24,https://to.indeed.com/aabdw8hjfdcf,,,Candidatura pelo link da vaga (Indeed),Nao informado,Candidatar-se e ofertar disponibilidade remota / correspondencia em RO,68,B,Indeed Job Search API (via MCP Indeed)
OP0194,"ROLIM, GOULART, CARDOSO ADVOGADOS",Estagiário Ambiental - BH,Belo Horizonte,MG,"Ambiental, apoio processual",2026-09-10,https://to.indeed.com/aa4qyl9w7cjk,,,Candidatura pelo link da vaga (Indeed),Nao informado,Candidatar-se e ofertar disponibilidade remota / correspondencia em RO,68,B,Indeed Job Search API (via MCP Indeed)
OP0195,Dynamox,ANALISTA JURÍDICO PLENO,Florianópolis,SC,"Juridico corporativo, tecnologia",2026-08-31,https://to.indeed.com/aa8rzmg8qrnj,,,Candidatura pelo link da vaga (Indeed),Nao informado,Candidatar-se e ofertar disponibilidade remota / correspondencia em RO,68,B,Indeed Job Search API (via MCP Indeed)
OP0196,FAST4YOU FRANCHISING,Consultor Jurídico,Florianópolis,SC,"Franquias, contratos",2026-06-23,https://to.indeed.com/aa6kh9m9rgh8,,,Candidatura pelo link da vaga (Indeed),Nao informado,Candidatar-se e ofertar disponibilidade remota / correspondencia em RO,68,B,Indeed Job Search API (via MCP Indeed)
OP0197,MSC,ADVOGADO (A) - PJ,Ribeirão Preto,SP,Direito geral PJ,2026-09-14,https://to.indeed.com/aax8jxd4d2yc,,,Candidatura pelo link da vaga (Indeed),Nao informado,Candidatar-se e ofertar disponibilidade remota / correspondencia em RO,68,B,Indeed Job Search API (via MCP Indeed)
OP0198,Aton Consultoria,Advogado (a) Cível,Londrina,PR,Contencioso civel,2026-08-20,https://to.indeed.com/aantktfv4xhx,,,Candidatura pelo link da vaga (Indeed),Nao informado,Candidatar-se e ofertar disponibilidade remota / correspondencia em RO,68,B,Indeed Job Search API (via MCP Indeed)
OP0199,Focare RH,ADVOGADO CÍVEL,Natal,RN,Contencioso civel,2026-09-17,https://to.indeed.com/aah98yfcvq7y,,,Candidatura pelo link da vaga (Indeed),Nao informado,Candidatar-se e ofertar disponibilidade remota / correspondencia em RO,68,B,Indeed Job Search API (via MCP Indeed)
OP0200,Henrique G. Schroeder Advogados Associados,Advogado Júnior III,Joinville,SC,Direito geral,2026-09-16,https://to.indeed.com/aasxrtv8xkz2,,,Candidatura pelo link da vaga (Indeed),Nao informado,Candidatar-se e ofertar disponibilidade remota / correspondencia em RO,68,B,Indeed Job Search API (via MCP Indeed)
OP0201,Ivolucena Advocacia,ADVOGADO JÚNIOR - Plaza Center,João Pessoa,PB,Direito geral,2026-08-24,https://to.indeed.com/aah8pwtk27xv,,,Candidatura pelo link da vaga (Indeed),Nao informado,Candidatar-se e ofertar disponibilidade remota / correspondencia em RO,68,B,Indeed Job Search API (via MCP Indeed)
OP0202,Feitosa & Novais Advogados Associados,ADVOGADO - Bairro dos Estados,João Pessoa,PB,Direito geral,2026-08-29,https://to.indeed.com/aactbnrltydk,,,Candidatura pelo link da vaga (Indeed),Nao informado,Candidatar-se e ofertar disponibilidade remota / correspondencia em RO,68,B,Indeed Job Search API (via MCP Indeed)
OP0203,Rocha Formiga Advogados,ADVOGADO - Centro,João Pessoa,PB,Direito geral,2026-09-04,https://to.indeed.com/aardnxmz2xwh,,,Candidatura pelo link da vaga (Indeed),Nao informado,Candidatar-se e ofertar disponibilidade remota / correspondencia em RO,68,B,Indeed Job Search API (via MCP Indeed)
OP0204,Albuquerque Melo Advogados,ADVOGADO CÍVEL JÚNIOR,Niterói,RJ,Contencioso civel,2026-09-04,https://to.indeed.com/aaknxwhh8qjn,,,Candidatura pelo link da vaga (Indeed),Nao informado,Candidatar-se e ofertar disponibilidade remota / correspondencia em RO,68,B,Indeed Job Search API (via MCP Indeed)
OP0205,GREEN RH,Advogado Cível,São Bernardo do Campo,SP,Contencioso civel - recrutadora,2026-08-11,https://to.indeed.com/aal2l6pwwbsm,,,Candidatura pelo link da vaga (Indeed),Nao informado,Candidatar-se e ofertar disponibilidade remota / correspondencia em RO,68,B,Indeed Job Search API (via MCP Indeed)
OP0206,Expresso São Miguel,Assistente Jurídico - Corporativo,Chapecó,SC,Transporte - trabalhista e civel,2026-08-24,https://to.indeed.com/aaq64spqqm4s,,,Candidatura pelo link da vaga (Indeed),Nao informado,Candidatar-se e ofertar disponibilidade remota / correspondencia em RO,68,B,Indeed Job Search API (via MCP Indeed)
OP0207,Corrêa Sant'Anna Advogados Associados,Advogado Júnior,Belo Horizonte,MG,Direito geral,2026-08-25,https://to.indeed.com/aahlfpfbrvnl,,,Candidatura pelo link da vaga (Indeed),Nao informado,Propor parceria como correspondente no Norte,67,B,Indeed Job Search API (via MCP Indeed)
OP0208,Solvereh,ADVOGADO(A) CÍVEL JÚNIOR | LONDRINA/PR (PJ),Londrina,PR,Contencioso cível,2026-08-12,https://to.indeed.com/aa9rm7zrfwy4,,,Candidatura pelo link da vaga (Indeed),Nao informado,Cadastrar-se na base; verificar clientes com demanda em RO,66,B,Indeed Job Search API (via MCP Indeed)
OP0209,Amara NZero,Analista Jurídico,Salvador,BA,Apoio jurídico corporativo,2026-09-11,https://to.indeed.com/aa92h2v2hpld,,,Candidatura pelo link da vaga (Indeed),Nao informado,Candidatar-se e ofertar disponibilidade remota / correspondencia em RO,66,B,Indeed Job Search API (via MCP Indeed)
OP0210,Quanta Consultoria,Advogada(o) Júnior,Fortaleza,CE,Direito geral,2026-09-09,https://to.indeed.com/aaj6m9dlpsfb,,,Candidatura pelo link da vaga (Indeed),Nao informado,Candidatar-se e ofertar disponibilidade remota / correspondencia em RO,66,B,Indeed Job Search API (via MCP Indeed)
OP0211,Veritas Consultoria Empresarial,Analista Jurídico Júnior,Florianópolis,SC,Apoio juridico empresarial,2026-09-15,https://to.indeed.com/aacyb6y2vd99,,,Candidatura pelo link da vaga (Indeed),Nao informado,Candidatar-se e ofertar disponibilidade remota / correspondencia em RO,66,B,Indeed Job Search API (via MCP Indeed)
OP0212,REIS ADVOGADOS,Assistente Jurídico,Ribeirão Preto,SP,Apoio processual,2026-09-15,https://to.indeed.com/aamb67648wxp,,,Candidatura pelo link da vaga (Indeed),Nao informado,Candidatar-se e ofertar disponibilidade remota / correspondencia em RO,66,B,Indeed Job Search API (via MCP Indeed)
OP0213,JRDH Recursos Humanos,Advogado (PJ),Ribeirão Preto,SP,Direito geral PJ - recrutadora,2026-08-23,https://to.indeed.com/aapjt6s8zhgp,,,Candidatura pelo link da vaga (Indeed),Nao informado,Candidatar-se e ofertar disponibilidade remota / correspondencia em RO,66,B,Indeed Job Search API (via MCP Indeed)
OP0214,GENTIL NEGOCIOS,Advogado(a) | Natal/RN,Natal,RN,Juridico corporativo,2026-07-10,https://to.indeed.com/aapg9rhxjdbb,,,Candidatura pelo link da vaga (Indeed),Nao informado,Candidatar-se e ofertar disponibilidade remota / correspondencia em RO,66,B,Indeed Job Search API (via MCP Indeed)
OP0215,Fotus Distribuidora Solar,ANALISTA JURÍDICO SR,Vila Velha,ES,"Juridico corporativo, contratos",2026-08-28,https://to.indeed.com/aaxsjqn4py2f,,,Candidatura pelo link da vaga (Indeed),Nao informado,Candidatar-se e ofertar disponibilidade remota / correspondencia em RO,66,B,Indeed Job Search API (via MCP Indeed)
OP0216,Unicasa Indústria de Móveis,Analista Jurídico,Bento Gonçalves,RS,"Juridico industrial, consumidor",2026-09-14,https://to.indeed.com/aa4zlvlwjcd4,,,Candidatura pelo link da vaga (Indeed),Nao informado,Candidatar-se e ofertar disponibilidade remota / correspondencia em RO,66,B,Indeed Job Search API (via MCP Indeed)
OP0217,LUDFOR ENERGIA PARTICIPACOES,Analista Jurídico,Bento Gonçalves,RS,Energia - regulatorio e civel,2026-08-17,https://to.indeed.com/aa2nvzf8dptg,,,Candidatura pelo link da vaga (Indeed),Nao informado,Candidatar-se e ofertar disponibilidade remota / correspondencia em RO,66,B,Indeed Job Search API (via MCP Indeed)
OP0218,SMART,Advogado/ Bacharel em Direito (PJ),Maringá,PR,Direito geral PJ,2026-08-24,https://to.indeed.com/aaryn2zt7vyq,,,Candidatura pelo link da vaga (Indeed),Nao informado,Candidatar-se e ofertar disponibilidade remota / correspondencia em RO,66,B,Indeed Job Search API (via MCP Indeed)
OP0219,Balsanelli Schneider Advocacia,Advogado(a) júnior,Blumenau,SC,Direito geral,2026-09-15,https://to.indeed.com/aap6t9qt7czl,,,Candidatura pelo link da vaga (Indeed),Nao informado,Candidatar-se e ofertar disponibilidade remota / correspondencia em RO,66,B,Indeed Job Search API (via MCP Indeed)
OP0220,Erivaldo Caetano Jr. Advogados Associados,OPORTUNIDADE PROFISSIONAL | ADVOGADO(A),Blumenau,SC,Direito geral,2026-09-17,https://to.indeed.com/aah6j7ny8pvv,,,Candidatura pelo link da vaga (Indeed),Nao informado,Candidatar-se e ofertar disponibilidade remota / correspondencia em RO,66,B,Indeed Job Search API (via MCP Indeed)
OP0221,Paytrack,Analista Jurídico Sênior,Blumenau,SC,"Juridico corporativo, fintech",2026-09-14,https://to.indeed.com/aafqkl879nhm,,,Candidatura pelo link da vaga (Indeed),Nao informado,Candidatar-se e ofertar disponibilidade remota / correspondencia em RO,66,B,Indeed Job Search API (via MCP Indeed)
OP0222,Sousa & Alves Advogados,ASSISTENTE JURÍDICO - Centro,Anápolis,GO,Apoio processual,2026-09-21,https://to.indeed.com/aadqmpztpx6l,,,Candidatura pelo link da vaga (Indeed),Nao informado,Candidatar-se e ofertar disponibilidade remota / correspondencia em RO,66,B,Indeed Job Search API (via MCP Indeed)
OP0223,ARAGUAIA,Assistente de Crédito - Gestão de Garantias,Anápolis,GO,Credito e garantias - execucao,2026-08-10,https://to.indeed.com/aa8bms6y7cxw,,,Candidatura pelo link da vaga (Indeed),Nao informado,Candidatar-se e ofertar disponibilidade remota / correspondencia em RO,66,B,Indeed Job Search API (via MCP Indeed)
OP0224,Sonolife Colchões Tecnológicos,ADVOGADO (PJ),São Bernardo do Campo,SP,Juridico corporativo PJ - consumidor,2026-08-03,https://to.indeed.com/aay2ykht2z72,,,Candidatura pelo link da vaga (Indeed),Nao informado,Candidatar-se e ofertar disponibilidade remota / correspondencia em RO,66,B,Indeed Job Search API (via MCP Indeed)
OP0225,Mind Consultoria de Gente e Gestão,Assistente Comercial e Administrativo Jurídico,Ji-Paraná,RO,Backoffice jurídico,2026-02-27,https://to.indeed.com/aamqs86pbwgl,,,Candidatura pelo link da vaga (Indeed),Nao informado,Mapear o escritório contratante e ofertar controladoria jurídica,65,B,Indeed Job Search API (via MCP Indeed)
OP0226,WYNTECH,ANALISTA DE CONTRATOS - AREA DIREITO - ANSS,Remoto,BR,Contratos,2026-09-01,https://to.indeed.com/aawjgqfbkdt6,,,Candidatura pelo link da vaga (Indeed),Nao informado,Ofertar apoio jurídico remoto em contratos,64,B,Indeed Job Search API (via MCP Indeed)
OP0227,Beatriz Cavalcante Advocacia,Advogado Júnior SDR/Closer,Belém,PA,Comercial jurídico,2026-08-24,https://to.indeed.com/aajdrtgxmvd8,,,Candidatura pelo link da vaga (Indeed),Nao informado,Candidatar-se e ofertar disponibilidade remota / correspondencia em RO,64,B,Indeed Job Search API (via MCP Indeed)
OP0228,Andrea Vieira Advocacia,Advogado(a) Pleno,Lauro de Freitas,BA,Direito geral,2026-06-09,https://to.indeed.com/aaxd62ybchxv,,,Candidatura pelo link da vaga (Indeed),Nao informado,Candidatar-se e ofertar disponibilidade remota / correspondencia em RO,64,B,Indeed Job Search API (via MCP Indeed)
OP0229,CONSULTORIA THAMYRYS COSTA,Advogado(a) Júnior,Florianópolis,SC,Direito geral,2026-09-11,https://to.indeed.com/aa966ylbrtz4,,,Candidatura pelo link da vaga (Indeed),Nao informado,Candidatar-se e ofertar disponibilidade remota / correspondencia em RO,64,B,Indeed Job Search API (via MCP Indeed)
OP0230,IBH Serviços e Participações,ADVOGADO(A) JÚNIOR,Ribeirão Preto,SP,Juridico corporativo,2026-09-12,https://to.indeed.com/aaz82kc9hnj4,,,Candidatura pelo link da vaga (Indeed),Nao informado,Candidatar-se e ofertar disponibilidade remota / correspondencia em RO,64,B,Indeed Job Search API (via MCP Indeed)
OP0231,Bittar Neurociência,Analista Jurídico,Uberlândia,MG,"Saude, juridico corporativo",2026-08-21,https://to.indeed.com/aaq24tn4hyz6,,,Candidatura pelo link da vaga (Indeed),Nao informado,Candidatar-se e ofertar disponibilidade remota / correspondencia em RO,64,B,Indeed Job Search API (via MCP Indeed)
OP0232,GMSER Desenvolvimento Humano,ADVOGADO,Natal,RN,Direito geral - recrutadora,2026-08-26,https://to.indeed.com/aa674yfgnl2z,,,Candidatura pelo link da vaga (Indeed),Nao informado,Candidatar-se e ofertar disponibilidade remota / correspondencia em RO,64,B,Indeed Job Search API (via MCP Indeed)
OP0233,André Menescal Advogados,Estagiário(a) de Direito – São Luís/MA,São Luís,MA,Apoio processual,2026-08-27,https://to.indeed.com/aa62wx6bg6zy,,,Candidatura pelo link da vaga (Indeed),Nao informado,Candidatar-se e ofertar disponibilidade remota / correspondencia em RO,64,B,Indeed Job Search API (via MCP Indeed)
OP0234,ALVORADA CAPITAL,Gerente de Desenvolvimento de Canais,Maceió,AL,Credito - recuperacao e execucao,2026-09-09,https://to.indeed.com/aa8ygq6wrh2j,,,Candidatura pelo link da vaga (Indeed),Nao informado,Candidatar-se e ofertar disponibilidade remota / correspondencia em RO,64,B,Indeed Job Search API (via MCP Indeed)
OP0235,AISIN AUTOMOTIVE,Assistente Jurídico,Itu,SP,Juridico industrial - trabalhista,2026-08-25,https://to.indeed.com/aampfy62zxvj,,,Candidatura pelo link da vaga (Indeed),Nao informado,Candidatar-se e ofertar disponibilidade remota / correspondencia em RO,64,B,Indeed Job Search API (via MCP Indeed)
OP0236,KARINA DONATA GARCIA Sociedade Individual de Advocacia,ADVOGADO,Caxias do Sul,RS,Direito geral,2026-08-27,https://to.indeed.com/aadtd9wzczyw,,,Candidatura pelo link da vaga (Indeed),Nao informado,Candidatar-se e ofertar disponibilidade remota / correspondencia em RO,64,B,Indeed Job Search API (via MCP Indeed)
OP0237,Votorantim Cimentos,Estagiário de Mineração,Nossa Senhora do Socorro,SE,Industrial - trabalhista e ambiental,2026-09-11,https://to.indeed.com/aapc8m8tcn9f,,,Candidatura pelo link da vaga (Indeed),Nao informado,Candidatar-se e ofertar disponibilidade remota / correspondencia em RO,64,B,Indeed Job Search API (via MCP Indeed)
OP0238,dispafilm do brasil,Advogado (a) Pleno,Guarulhos,SP,Juridico industrial,2026-09-08,https://to.indeed.com/aadzr9vjh8mk,,,Candidatura pelo link da vaga (Indeed),Nao informado,Candidatar-se e ofertar disponibilidade remota / correspondencia em RO,64,B,Indeed Job Search API (via MCP Indeed)
OP0239,RH Projettar,ADVOGADO,Anápolis,GO,Direito geral - recrutadora,2026-08-30,https://to.indeed.com/aa4tx8m2y8ty,,,Candidatura pelo link da vaga (Indeed),Nao informado,Candidatar-se e ofertar disponibilidade remota / correspondencia em RO,64,B,Indeed Job Search API (via MCP Indeed)
OP0240,VERRESCHI SOLUCOES,Advogado(a) - Santos/SP,Santos,SP,Direito geral,2026-06-23,https://to.indeed.com/aavynq8yssy4,,,Candidatura pelo link da vaga (Indeed),Nao informado,Candidatar-se e ofertar disponibilidade remota / correspondencia em RO,64,B,Indeed Job Search API (via MCP Indeed)
OP0241,Act Digital,ANALISTA JURÍDICO PLENO,Mauá,SP,"Juridico corporativo, tecnologia",2026-08-25,https://to.indeed.com/aa4ryq778cww,,,Candidatura pelo link da vaga (Indeed),Nao informado,Candidatar-se e ofertar disponibilidade remota / correspondencia em RO,64,B,Indeed Job Search API (via MCP Indeed)
OP0242,SEMPRE AGTECH,Assistente Jurídico,Chapecó,SC,Agtech - contratos e agrario,2026-09-02,https://to.indeed.com/aab8jb4xvdbq,,,Candidatura pelo link da vaga (Indeed),Nao informado,Candidatar-se e ofertar disponibilidade remota / correspondencia em RO,64,B,Indeed Job Search API (via MCP Indeed)
OP0243,Tahto,ANALISTA PLENO DE CONTRATOS & PAGAMENTOS - STAFF,Remoto,BR,Contratos,2026-06-29,https://to.indeed.com/aaprjqx7lb2m,,,Candidatura pelo link da vaga (Indeed),Nao informado,Ofertar apoio jurídico remoto,62,B,Indeed Job Search API (via MCP Indeed)
OP0244,Solheiro Advogados Associados,Estagiário na área de Direito,Belém,PA,Apoio processual,2026-09-08,https://to.indeed.com/aamyhk4csfrp,,,Candidatura pelo link da vaga (Indeed),Nao informado,Candidatar-se e ofertar disponibilidade remota / correspondencia em RO,62,B,Indeed Job Search API (via MCP Indeed)
OP0245,Pra Gente RH,Assistente Administrativo (Publicações Jurídicas),Ananindeua,PA,Backoffice jurídico,2026-08-05,https://to.indeed.com/aa7k6mlxv8kv,,,Candidatura pelo link da vaga (Indeed),Nao informado,Candidatar-se e ofertar disponibilidade remota / correspondencia em RO,62,B,Indeed Job Search API (via MCP Indeed)
OP0246,M.Soares Advocacia e Consultoria,Estágio (PJ),São Paulo,SP,Apoio processual,2026-09-14,https://to.indeed.com/aac4z7rzj2ph,,,Candidatura pelo link da vaga (Indeed),Nao informado,Candidatar-se e ofertar disponibilidade remota / correspondencia em RO,62,B,Indeed Job Search API (via MCP Indeed)
OP0247,Rede Andrade Hotéis,Analista Jurídico,Florianópolis,SC,"Juridico corporativo, consumidor",2025-10-16,https://to.indeed.com/aa2sh7gxynbq,,,Candidatura pelo link da vaga (Indeed),Nao informado,Candidatar-se e ofertar disponibilidade remota / correspondencia em RO,62,B,Indeed Job Search API (via MCP Indeed)
OP0248,FOCSI,Assistente Jurídico,Cambé,PR,Apoio processual,2026-09-01,https://to.indeed.com/aa9ygcysq8fd,,,Candidatura pelo link da vaga (Indeed),Nao informado,Candidatar-se e ofertar disponibilidade remota / correspondencia em RO,62,B,Indeed Job Search API (via MCP Indeed)
OP0249,LEO Serviços Administrativos,Analista Jurídico,Joinville,SC,Apoio juridico,2026-08-19,https://to.indeed.com/aadffhdkfbxx,,,Candidatura pelo link da vaga (Indeed),Nao informado,Candidatar-se e ofertar disponibilidade remota / correspondencia em RO,62,B,Indeed Job Search API (via MCP Indeed)
OP0250,Grupo Splice,Assistente Jurídico,Votorantim,SP,Apoio juridico corporativo,2026-09-05,https://to.indeed.com/aa6fc4pnbgjp,,,Candidatura pelo link da vaga (Indeed),Nao informado,Candidatar-se e ofertar disponibilidade remota / correspondencia em RO,62,B,Indeed Job Search API (via MCP Indeed)
OP0251,GRUPO BASE,ASSISTENTE JURÍDICO,Salto,SP,Apoio juridico corporativo,2026-09-01,https://to.indeed.com/aastb7kk82rd,,,Candidatura pelo link da vaga (Indeed),Nao informado,Candidatar-se e ofertar disponibilidade remota / correspondencia em RO,62,B,Indeed Job Search API (via MCP Indeed)
OP0252,SANTOS DE ARAUJO COMERCIO E SERVICOS,ADVOGADO,Aracaju,SE,Juridico corporativo,2026-02-27,https://to.indeed.com/aay6dzjnbwtm,,,Candidatura pelo link da vaga (Indeed),Nao informado,Candidatar-se e ofertar disponibilidade remota / correspondencia em RO,62,B,Indeed Job Search API (via MCP Indeed)
OP0253,Trigo RH,ADVOGADO JÚNIOR - Centro,Guarujá,SP,Direito geral - recrutadora,2026-08-17,https://to.indeed.com/aagqpv4jwv9k,,,Candidatura pelo link da vaga (Indeed),Nao informado,Candidatar-se e ofertar disponibilidade remota / correspondencia em RO,62,B,Indeed Job Search API (via MCP Indeed)
OP0254,Bortolotto Advogados,ESTAGIÁRIO NA ÁREA DE DIREITO,Chapecó,SC,Apoio processual,2026-09-01,https://to.indeed.com/aa4kkbhfsnr6,,,Candidatura pelo link da vaga (Indeed),Nao informado,Candidatar-se e ofertar disponibilidade remota / correspondencia em RO,62,B,Indeed Job Search API (via MCP Indeed)
OP0255,Mind Consultoria de Gente e Gestão,Estagiário (a) do Curso de Direito,Ji-Paraná,RO,Direito geral,2026-02-28,https://to.indeed.com/aad42gqhgy94,,,Candidatura pelo link da vaga (Indeed),Nao informado,Contato para parceria entre escritórios,60,B,Indeed Job Search API (via MCP Indeed)
OP0256,InovaRH Consultoria e Gestão,Secretária - Escritório de Advocacia,São Luís,MA,Backoffice de escritorio,2026-09-17,https://to.indeed.com/aa7cypz4hhwx,,,Candidatura pelo link da vaga (Indeed),Nao informado,Candidatar-se e ofertar disponibilidade remota / correspondencia em RO,60,B,Indeed Job Search API (via MCP Indeed)
OP0257,OTIVA,Analista de RH (Pessoa Jurídica),São Luís,MA,RH corporativo - canal de contratacao PJ,2026-08-28,https://to.indeed.com/aa2y7q7tzd2n,,,Candidatura pelo link da vaga (Indeed),Nao informado,Candidatar-se e ofertar disponibilidade remota / correspondencia em RO,60,B,Indeed Job Search API (via MCP Indeed)
OP0258,clube candeias,Advogado(a),Itajaí,SC,Juridico corporativo,2026-08-25,https://to.indeed.com/aaftrgttg2pm,,,Candidatura pelo link da vaga (Indeed),Nao informado,Candidatar-se e ofertar disponibilidade remota / correspondencia em RO,60,B,Indeed Job Search API (via MCP Indeed)
OP0259,Pires Villela Advocacia,Estágio de Marketing e Produção Visual,Juiz de Fora,MG,Escritorio em expansao,2026-09-14,https://to.indeed.com/aacrc6nhm2fz,,,Candidatura pelo link da vaga (Indeed),Nao informado,Candidatar-se e ofertar disponibilidade remota / correspondencia em RO,60,B,Indeed Job Search API (via MCP Indeed)
OP0260,Kingspan - Isoeste Construtivos,Jovem Aprendiz Jurídico,Anápolis,GO,Juridico industrial,2026-09-18,https://to.indeed.com/aarvwwzkqh92,,,Candidatura pelo link da vaga (Indeed),Nao informado,Candidatar-se e ofertar disponibilidade remota / correspondencia em RO,60,B,Indeed Job Search API (via MCP Indeed)
OP0261,Enfok,Advogado Júnior,São Paulo,SP,Direito geral,2026-07-07,https://to.indeed.com/aardp9n9qg9l,,,Candidatura pelo link da vaga (Indeed),Nao informado,Verificar possibilidade de apoio processual remoto,58,C,Indeed Job Search API (via MCP Indeed)
