ID,Escritorio/Empresa,Nome do contato,E-mail,Tipo de e-mail,Areas de atuacao,Cidade,Estado,Regiao,Tipo de oportunidade,Fonte (link),Observacao
001,Aline Laredo Advocacia,Aline Laredo,alinelaredo@yahoo.com.br,direto,TRABALHISTA,Manaus,AM,Norte,Advogado trabalhista (VAGA ABERTA),https://www.instagram.com/p/DYNCS2FuhMR,"Anuncio proprio: vaga para advogado(a) TRABALHISTA, 100% presencial em Manaus/AM, OAB ativa e minimo 2 anos."
002,Gilmar Araujo da Costa Advocacia,,gac.advogado89@gmail.com,direto,"Consumidor, bancario",Manaus,AM,Norte,Correspondente,Site institucional oficial (pagina de contato/parceria),Escritorio da regiao Norte com demanda de correspondencia.
003,LS Correspondente Jurídico,,contato@lscorrespondentejuridico.com.br,institucional,Plataforma de correspondentes - todas as areas,Manaus,AM,Norte,Correspondente (cadastro),Site institucional oficial (pagina de contato/parceria),PLATAFORMA/rede: cadastro no banco de correspondentes autonomos.
004,Ribeiro & Feitoza Advogados,,contato@ribeiroefeitozaadvogados.com,institucional,"Civel, trabalhista, previdenciario",Manaus,AM,Norte,Parceria / correspondente,Site institucional oficial (pagina de contato/parceria),Parceria e correspondencia na regiao Norte.
005,Urbano Vitalino Advogados - Manaus,,am@urbanovitalino.com.br,institucional,"Full service: tributario, civel, trabalhista, empresarial, ambiental, contratual",Manaus,AM,Norte,Correspondente / parceria / associado,https://www.urbanovitalino.com.br/contato,"Maior escritorio full service do Brasil, 14 capitais, 80+ anos. Pagina JUNTE-SE A NOS. E-mail proprio por unidade estadual."
006,Matheus Bicca Advogados,,contato@matheusbicca.com.br,institucional,"Administrativo, civel, eleitoral, empresarial, trabalho",Macapá,AP,Norte,Associado / correspondente,https://bicca.adv.br,Unidades em MACAPA/AP e BELEM/PA. Tel (96) 98143-4767.
007,Matheus Bicca Advogados - atendimento,,atendimento@matheusbicca.com.br,institucional,"Administrativo, civel, eleitoral, empresarial, trabalho",Macapá,AP,Norte,Associado / correspondente,https://bicca.adv.br,Segundo canal publicado no site.
008,Athias Soriano Advogados (ex-Silveira Athias),,contato@athiassoriano.com.br,institucional,"Empresarial, ambiental/minerario, civil, consumidor, trabalhista, sindical",Belém,PA,Norte,Parceria / correspondente / trabalhe conosco,https://www.silveiraathias.com.br/,"Fundado em 1981. Unidades em Belem, Sao Luis, Manaus, Santarem, Maraba, Parauapebas, Brasilia e Sao Paulo. Tel +55 91 4005-1000. Tem pagina TRABALHE CONOSCO."
009,Cruz & Quaresma Advogados Associados,Dr. Rodrigo Cruz / Dr. Ruy Quaresma,contato@cruzequaresma.adv.br,institucional,"EMPRESARIAL, contencioso estrategico, societario",Belém,PA,Norte,Associado / correspondente,https://cruzequaresma.adv.br,"Fundado em 1997, quase 30 anos. Advocacia corporativa de referencia em Belem. Tel (91) 2121-3000."
010,Fontes de Mello e Mendonça Advogados,Dr. Alexandre Fontes de Mello / Dr. Francisco Mendonça,contato@fontesdemelloemendonca.com.br,institucional,"TRABALHISTA, consumidor, civel, criminal, empresarial, servidor publico",Belém,PA,Norte,Associado / correspondente,https://fontesdemelloemendonca.com.br,"Co-fundadora e DESEMBARGADORA APOSENTADA do TRT da 8a Regiao - banca trabalhista de peso no Para. Av. Alcindo Cacela 1264, sala 1204/1205, Umarizal."
011,OAB/PA - Banco de Talentos (Seccional Pará),,curriculos@oabpa.org.br,direto,Banco de curriculos acessado por escritorios e empresas do PA,Belém,PA,Norte,Banco de curriculos / cadastro,https://oabpa.org.br/banco-de-talentos,E-MAIL OFICIAL para cadastro no Banco de Talentos. Escritorios e empresas acessam os curriculos e conduzem suas selecoes. Iniciativa da Comissao de Advogados em Inicio de Carreira.
012,OAB/PA - Seccional Pará (inscrições),,inscricao@oabpa.org.br,institucional,Seccional - suporte a inscricao e banco de talentos,Belém,PA,Norte,Cadastro / suporte,https://oabpa.org.br/banco-de-talentos,Canal de suporte da seccional. WhatsApp (91) 98129-1300.
013,Puga & Lima Advocacia,,atendimento@pugalimaadvocacia.com.br,institucional,"Civel, previdenciario, empresarial",Belém,PA,Norte,Associado / correspondente,https://pa.pugalimaadvocacia.com.br/trabalhe-conosco,Matriz Sao Paulo e FILIAL BELEM/PA (OAB/PA 1.890). Pagina TRABALHE CONOSCO com triagem por RH proprio. Atua desde 2005.
014,Urbano Vitalino Advogados - Belem,,pa@urbanovitalino.com.br,institucional,"Full service: tributario, civel, trabalhista, empresarial, ambiental, contratual",Belém,PA,Norte,Correspondente / parceria / associado,https://www.urbanovitalino.com.br/contato,"Maior escritorio full service do Brasil, 14 capitais, 80+ anos. Pagina JUNTE-SE A NOS. E-mail proprio por unidade estadual."
015,A Pioneira Administradora de Imóveis,,apioneira.adm@hotmail.com,institucional,"Imobiliario, condominial, despejo",Porto Velho,RO,Norte,Assessoria juridica (dept. juridico),Site institucional oficial (pagina de contato/parceria),Administradora de imoveis - despejo e cobranca.
016,André Ragnini Sociedade de Advogados,,contato@andreragnini.com.br,institucional,"Civel, empresarial",Cacoal,RO,Norte,Parceria / correspondente,Site institucional oficial (pagina de contato/parceria),Escritorio de RO.
017,BRD Advocacia & Advogados Associados,,Belneto@hotmail.com,direto,"Civel, trabalhista",Ariquemes,RO,Norte,Parceria / correspondente,Site institucional oficial (pagina de contato/parceria),E-mail publicado no site institucional (grafia original Belnetobr@hotmail.com).
018,CDL Ji-Paraná - Camara de Dirigentes Lojistas,,saa@cdljp-ro.com.br,institucional,"Consumidor, cobranca, empresarial",Ji-Paraná,RO,Norte,Convenio de assessoria juridica,Site institucional oficial (pagina de contato/parceria),Convenio de assessoria para lojistas associados.
019,CF Contabilidade Ji-Paraná,,contato@cfjipa.com.br,institucional,"Societario, tributario, trabalhista",Ji-Paraná,RO,Norte,Parceria contabil-juridica,Site institucional oficial (pagina de contato/parceria),Contabilidade - parceria para a carteira de clientes PJ.
020,Caroline França - França Advogados Associados,Caroline França,contato@carolinefranca.adv.br,institucional,"Civel, previdenciario, consumidor",Porto Velho,RO,Norte,Associado / parceria,https://carolinefranca.adv.br/trabalhe-conosco,"ESCRITORIO DE RONDONIA com pagina TRABALHE CONOSCO ativa. Av. Rio Madeira 1554-A, Porto Velho. Tel (69) 98107-9944."
021,Expresso Rodotec (W S Transportes),,contato@expressorodotec.com.br,institucional,"Trabalhista, tributario, civel",Porto Velho,RO,Norte,Assessoria juridica (dept. juridico),Site institucional oficial (pagina de contato/parceria),Transportadora - demanda trabalhista e tributaria.
022,FACER - Federacao das Assoc. Comerciais e Empresariais de RO,,contato@facer.org.br,institucional,"Empresarial, tributario, trabalhista",Porto Velho,RO,Norte,Convenio de assessoria juridica,Site institucional oficial (pagina de contato/parceria),Federacao empresarial - convenio de assessoria para associados.
023,Habitamais Administradora de Condomínios,,contato@habtamais.com,institucional,"Condominial, cobranca",Porto Velho,RO,Norte,Assessoria juridica (dept. juridico),Site institucional oficial (pagina de contato/parceria),Cobranca condominial judicial e extrajudicial.
024,JI-PARANÁ Contabilidade,,legalizacao@ji-paranacontabilidade.com.br,institucional,"Societario, tributario",Ji-Paraná,RO,Norte,Parceria contabil-juridica,Site institucional oficial (pagina de contato/parceria),Setor de legalizacao - parceria societaria.
025,MBT Advogados Associados,,contato@mbtadvocacia.com.br,institucional,"Civel, trabalhista, empresarial",Ji-Paraná,RO,Norte,Parceria entre escritorios,Site institucional oficial (pagina de contato/parceria),Escritorio da mesma comarca do Lucas.
026,Meireles e Braga Advocacia (MB),Dr. Tiago Meireles / Dr. Felipe Braga,juridico.mbs@gmail.com,direto,"TRABALHISTA, PREVIDENCIARIO, civel, empresarial",Porto Velho,RO,Norte,Associado / parceria,https://meirelesebraga.adv.br,"ESCRITORIO DE RONDONIA com ATUACAO NACIONAL e atendimento online. 3.000+ processos, 10+ anos. Ja tem quadro de ADVOGADAS ASSOCIADAS (modelo de associacao consolidado). Socios OAB/RO 9.287 e 9.230."
027,OAB/RO - Seccional Rondônia,,gerencia@oab-ro.org.br,institucional,"Convenios, credenciamentos, assistencia judiciaria",Porto Velho,RO,Norte,Credenciamento / convenio,Site institucional oficial (pagina de contato/parceria),"Seccional - convenios, credenciamento e assistencia judiciaria (honorarios)."
028,Reis & Rocha Advogados Associados,,contato@reiserocha.com.br,institucional,"Civel, trabalhista, previdenciario",Cacoal,RO,Norte,Parceria / correspondente,Site institucional oficial (pagina de contato/parceria),Escritorio de RO - parceria entre bancas e correspondencia.
029,RodaLog Logística,,atendimento@rodalog.com,institucional,"Trabalhista, civel, transporte",Ji-Paraná,RO,Norte,Assessoria juridica (dept. juridico),Site institucional oficial (pagina de contato/parceria),Empresa com demanda juridica multi-comarca.
030,Rolim Net,,contato@rolimnet.com.br,institucional,"Consumidor, telecom",Rolim de Moura,RO,Norte,Assessoria juridica (dept. juridico),Site institucional oficial (pagina de contato/parceria),Provedor - demanda de defesa em acoes consumeristas.
031,RondoCoop - Sistema OCB/RO,,sistemaocb-ro@rondonia.coop.br,institucional,"Cooperativo, trabalhista, tributario",Porto Velho,RO,Norte,Convenio de assessoria juridica,Site institucional oficial (pagina de contato/parceria),Sistema cooperativista de RO.
032,UNICAFES Rondônia,,unicafes@unicafesro.org.br,institucional,"Previdenciario rural, cooperativo",Ji-Paraná,RO,Norte,Assessoria / parceria,Site institucional oficial (pagina de contato/parceria),Uniao das cooperativas da agricultura familiar - demanda previdenciaria rural.
033,Urbano Vitalino Advogados - Maceio,,al@urbanovitalino.com.br,institucional,"Full service: tributario, civel, trabalhista, empresarial, ambiental, contratual",Maceió,AL,Nordeste,Correspondente / parceria / associado,https://www.urbanovitalino.com.br/contato,"Maior escritorio full service do Brasil, 14 capitais, 80+ anos. Pagina JUNTE-SE A NOS. E-mail proprio por unidade estadual."
034,"Abbehusen, Paz & Franco Advocacia (APF) - comercial",Natalie,natalie@apf.adv.br,direto,Contencioso de massa,Salvador,BA,Nordeste,Parceria comercial,https://apf.adv.br/contato,Canal COMERCIAL nominal - porta para propor parceria de correspondencia em RO.
035,"Abbehusen, Paz & Franco Advocacia (APF) - trabalhe conosco",,recepcao@apf.adv.br,direto,CONTENCIOSO DE MASSA (50.000+ processos),Salvador,BA,Nordeste,Associado / correspondente,https://apf.adv.br/contato,"CANAL EXPRESSO DE TRABALHE CONOSCO. Escritorio com atuacao em MAIS DE 50.000 PROCESSOS em contencioso de massa, com software juridico proprio. Tel (71) 3015-8108."
036,Cardoso Advocacia,,contato@cardosoadvocacia.com.br,institucional,Saude,Salvador,BA,Nordeste,Correspondente,Site institucional oficial (pagina de contato/parceria),Direito a saude - tutelas de urgencia.
037,Habib Advocacia e Assessoria Juridica,,contato@habibadvocacia.com.br,institucional,"Empresarial, ambiental, civel, tributario",Salvador,BA,Nordeste,Associado / correspondente,https://habibadvocacia.com.br/quem-somos,"Fundada em 1989, 35+ anos. Tem pagina TRABALHE CONOSCO. Tel 71 3341-0791 / 71 98159-6775."
038,Nogueira Reis Advogados,,nogueirareis@nogueirareis.com.br,institucional,"Tributario, civel, consumidor",Salvador,BA,Nordeste,Associado / correspondente,https://www.nogueirareis.com.br/contato,60 anos de atuacao. Tel (71) 3555-3099.
039,Pessoa & Pessoa Advogados Associados,,contato@pessoaepessoa.com.br,institucional,"Trabalhista, civel, empresarial, consumidor",Salvador,BA,Nordeste,Associado / parceria,https://pessoaepessoa.com.br/contato,"Unidades: SP, Salvador(2), RJ, Recife, BH, Aracaju, Manaus, Sao Luis. Tem pagina FACA PARTE DO NOSSO TIME."
040,Urbano Vitalino Advogados - Salvador,,ba@urbanovitalino.com.br,institucional,"Full service: tributario, civel, trabalhista, empresarial, ambiental, contratual",Salvador,BA,Nordeste,Correspondente / parceria / associado,https://www.urbanovitalino.com.br/contato,"Maior escritorio full service do Brasil, 14 capitais, 80+ anos. Pagina JUNTE-SE A NOS. E-mail proprio por unidade estadual."
041,Urbano Vitalino Advogados - Fortaleza,,ce@urbanovitalino.com.br,institucional,"Full service: tributario, civel, trabalhista, empresarial, ambiental, contratual",Fortaleza,CE,Nordeste,Correspondente / parceria / associado,https://www.urbanovitalino.com.br/contato,"Maior escritorio full service do Brasil, 14 capitais, 80+ anos. Pagina JUNTE-SE A NOS. E-mail proprio por unidade estadual."
042,Urbano Vitalino Advogados - Sao Luis,,ma@urbanovitalino.com.br,institucional,"Full service: tributario, civel, trabalhista, empresarial, ambiental, contratual",São Luís,MA,Nordeste,Correspondente / parceria / associado,https://www.urbanovitalino.com.br/contato,"Maior escritorio full service do Brasil, 14 capitais, 80+ anos. Pagina JUNTE-SE A NOS. E-mail proprio por unidade estadual."
043,Urbano Vitalino Advogados - Joao Pessoa,,pb@urbanovitalino.com.br,institucional,"Full service: tributario, civel, trabalhista, empresarial, ambiental, contratual",João Pessoa,PB,Nordeste,Correspondente / parceria / associado,https://www.urbanovitalino.com.br/contato,"Maior escritorio full service do Brasil, 14 capitais, 80+ anos. Pagina JUNTE-SE A NOS. E-mail proprio por unidade estadual."
044,Carneiro & Ramalho Consultoria (recrutamento),,consultoraselecaopb@gmail.com,direto,"Recrutamento juridico - empresarial, trabalhista",Jaboatão dos Guararapes,PE,Nordeste,Recrutador / consultoria de selecao,https://www.indeed.com/ (anuncio de vaga - descricao literal),CONSULTORIA DE RECRUTAMENTO juridico. Recrutou Advogado(a) Associado(a) para NEST Construcoes.
045,JCavalcanti Advogados,,jcavalcanti@jcavalcanti.com.br,institucional,Diversas areas exceto criminal,Recife,PE,Nordeste,Associado / correspondente,https://jcavalcanti.com.br/contato,"50+ profissionais. Atua em Joao Pessoa, Natal, Fortaleza, Teresina e Maceio. Tel (81) 3314-6880."
046,JCavalcanti Advogados - unidade Goiana,,escritoriogo@jcavalcanti.com.br,institucional,Diversas areas exceto criminal,Goiana,PE,Nordeste,Correspondente,https://jcavalcanti.com.br/contato,Filial Goiana/PE. Tel (81) 3626-3081.
047,Lehmann Advogados,,adm@lehmann.adv.br,institucional,"Empresarial, bancario, civel, trabalhista, imobiliario, saude",Recife,PE,Nordeste,ADVOGADO ASSOCIADO REMOTO (ganhos ate 40%),https://lehmann.adv.br/advogados/trabalhe-conosco,"CORRIGIDO: sede em RECIFE/PE (tel 81 3103-7007), nao em Ji-Parana. DESTAQUE: pagina Trabalhe Conosco anuncia vaga ADVOGADO ASSOCIADO com localidade SUA LOCALIDADE, trabalho REMOTO E FISICO e GANHOS DE ATE 40%, sem exclusividade - modelo de associacao de esforcos aberto a advogado de qualquer estado."
048,Mascena Advocacia,,faleconosco@mascenaadv.com.br,institucional,"Civel, empresarial",Recife,PE,Nordeste,Advogado (vagas divulgadas),https://www.mascenaadv.com.br/contato,"Divulgou VAGAS PARA ADVOGADOS exigindo OAB ativa, com candidatura por este e-mail. Tel (81) 3071-4405."
049,Mello Pimentel Advocacia,,contato@mellopimentel.com.br,institucional,"Tributario, trabalhista, empresarial, ambiental, aduaneiro, imobiliario, energia",Recife,PE,Nordeste,Associado / parceria,https://mellopimentel.com.br/contato,Full service. Tel +55 81 3126-5050 / 81 98930-4774.
050,Urbano Vitalino Advogados - Recife,,pe@urbanovitalino.com.br,institucional,"Full service: tributario, civel, trabalhista, empresarial, ambiental, contratual",Recife,PE,Nordeste,Correspondente / parceria / associado,https://www.urbanovitalino.com.br/contato,"Maior escritorio full service do Brasil, 14 capitais, 80+ anos. Pagina JUNTE-SE A NOS. E-mail proprio por unidade estadual."
051,Décio Freire Advogados,Christiane de Paula,christianedepaula@deciofreire.com.br,direto,Civel,Teresina,PI,Nordeste,Associado PJ (vaga aberta),https://www.indeed.com/ (anuncio de vaga - descricao literal),"Vaga: Advogado(a) Civel PLENO - Unidade Teresina, contratacao PJ. Banca nacional/internacional."
052,OAB/RN - Seccional Rio Grande do Norte,,secretariageral@oab-rn.org.br,institucional,Canal oficial de divulgacao de vagas juridicas do RN,Natal,RN,Nordeste,Fonte de vagas / cadastro,https://www.oabrn.org.br/postagem/oportunidade-sele%C3%A7%C3%A3o-para-advogado,A propria OAB/RN informa que escritorios e empresas encaminham OPORTUNIDADES para este e-mail.
053,Urbano Vitalino Advogados - Natal,,rn@urbanovitalino.com.br,institucional,"Full service: tributario, civel, trabalhista, empresarial, ambiental, contratual",Natal,RN,Nordeste,Correspondente / parceria / associado,https://www.urbanovitalino.com.br/contato,"Maior escritorio full service do Brasil, 14 capitais, 80+ anos. Pagina JUNTE-SE A NOS. E-mail proprio por unidade estadual."
054,Monteiro Nascimento Advogados,,contato@monteironascimento.com.br,institucional,"Bancario, energia, mineracao, contencioso, arbitragem, execucao fiscal",Aracaju,SE,Nordeste,Associado / correspondente,https://www.monteironascimento.com.br/contato,"35+ anos. Matriz Aracaju, filiais Recife, Maceio e Joao Pessoa. Tem pagina CARREIRA."
055,Urbano Vitalino Advogados - Aracaju,,se@urbanovitalino.com.br,institucional,"Full service: tributario, civel, trabalhista, empresarial, ambiental, contratual",Aracaju,SE,Nordeste,Correspondente / parceria / associado,https://www.urbanovitalino.com.br/contato,"Maior escritorio full service do Brasil, 14 capitais, 80+ anos. Pagina JUNTE-SE A NOS. E-mail proprio por unidade estadual."
056,AMS Advocacia,,contato@amsadvocacia.com.br,institucional,"Consumidor, civel, condominial, contratos",Brasília,DF,Centro-Oeste,PARCERIA (canal proprio no site),https://amsadvocacia.com.br/trabalhe-conosco,"DESTAQUE: o formulario Trabalhe Conosco tem a opcao PARCERIA e o texto diz buscar advogados ""que atuem em Brasilia OU EM OUTRAS REGIOES DO PAIS, para estabelecer PARCERIAS solidas e frutiferas"". Tel (61) 2411-1913."
057,Advocacia Maciel,,geral@advocaciamaciel.adv.br,institucional,"Empresarial, civel, tributario, trabalhista",Brasília,DF,Centro-Oeste,CORRESPONDENTE / parceiro / associado,https://advocaciamaciel.adv.br/trabalhe-conosco,"Pagina TRABALHE CONOSCO com formulario proprio SEJA NOSSO CORRESPONDENTE OU PARCEIRO, alem de banco de curriculos. Escritorio Mais Admirado 2017-2021, Ranked Firm 2019. Tel +55 61 3248-9700."
058,Carneiro Machado Advogados,Bruno,bruno@carneiromachado.adv.br,direto,PREVIDENCIARIO (RGPS),Brasília,DF,Centro-Oeste,Advogado previdenciarista HOME OFFICE (vaga aberta),https://carneiromachado.adv.br/trabalhe-conosco,"DESTAQUE: vaga de ADVOGADO PREVIDENCIARISTA 100% HOME OFFICE para LIDERAR o departamento juridico. R$ 5.200 (CLT) + ajuda de custo home office + beneficios. Texto literal: ""NAO HA PREFERENCIA DE LOCAL DO CANDIDATO, posto que sera home office"". Sede Brasilia, atuacao nacional. E-mail nominal do responsavel pelo processo."
059,Delgado Azevedo Advogados,,contato@delgadoazevedo.com.br,institucional,Saude,Brasília,DF,Centro-Oeste,Correspondente,Site institucional oficial (pagina de contato/parceria),Direito a saude - demanda nacional.
060,Edmilson Ferreira Advogados Associados,,contato@edmilsonferreira.adv.br,institucional,"Criminal, consumidor, familia, trabalhista, previdenciario, eleitoral, administrativo, medico",Brasília,DF,Centro-Oeste,Associado / correspondente,https://edmilsonferreira.adv.br/contato,Duas unidades no DF (Asa Sul e Taguatinga). Tem pagina TRABALHE CONOSCO. Tel (61) 3256-8361.
061,FUNCEF - Fundação dos Economiários Federais,,credenciamentojuridico@funcef.com.br,direto,"Contencioso de massa, previdenciario complementar",Brasília,DF,Centro-Oeste,Credenciamento formal de escritorio,Site institucional oficial (pagina de contato/parceria),CREDENCIAMENTO institucional de escritorios de advocacia. Fundo de pensao da Caixa. Alta recorrencia.
062,Figueiredo & Velloso Advogados Associados,,escritorio@fv.com.br,institucional,"Contencioso, empresarial, civel",Brasília,DF,Centro-Oeste,Associado / parceria,https://fv.com.br/contato,"Unidades Brasilia, Sao Paulo e Rio. Tem pagina TRABALHE CONOSCO (banco de talentos). Tel +55 61 3323-7933."
063,Gonçalves Júnior Advocacia,,contato@goncalvesjunioradv.com,institucional,"Civel, tributario",Brasília,DF,Centro-Oeste,Associado (vaga aberta),https://www.indeed.com/ (anuncio de vaga - descricao literal),Vaga: Advogado(a) Associado(a) - Civel/Tributario.
064,Maria Teixeira Advogados,Dra. Maria Teixeira,mariafmteixeira.adv@gmail.com,direto,PREVIDENCIARIO (INSS e servidor publico / RPPS),Brasília,DF,Centro-Oeste,Associado / correspondente,https://mariateixeiraadv.com.br/contato,"20+ anos, atende EM TODO O BRASIL (presencial em Brasilia ou 100% online). A socia FUNDOU a Comissao de Direito Previdenciario da OAB/DF. Tel (61) 3323-1496."
065,Tomás de Souza Sociedade de Advocacia,,tomasdesouzaadvogados@gmail.com,direto,"Civel, empresarial",Brasília,DF,Centro-Oeste,Advogado associado (rede),Site institucional oficial (pagina de contato/parceria),Monta rede de advogados associados.
066,Ultreia Contábil,,assessoria@ultreiacontabil.com.br,institucional,"Societario, tributario",Brasília,DF,Centro-Oeste,Parceria contabil-juridica,Site institucional oficial (pagina de contato/parceria),Contabilidade com carteira PJ.
067,Urbano Vitalino Advogados - Brasilia,,df@urbanovitalino.com.br,institucional,"Full service: tributario, civel, trabalhista, empresarial, ambiental, contratual",Brasília,DF,Centro-Oeste,Correspondente / parceria / associado,https://www.urbanovitalino.com.br/contato,"Maior escritorio full service do Brasil, 14 capitais, 80+ anos. Pagina JUNTE-SE A NOS. E-mail proprio por unidade estadual."
068,Dias e Amaral Advogados,,curriculos@diaseamaral.adv.br,direto,Peticionamento / contencioso,Goiânia,GO,Centro-Oeste,Advogado (5 VAGAS ABERTAS),https://www.rotajuridica.com.br/escritorio-dias-e-amaral-abre-cinco-vagas-para-advogados-para-atuacao-em-peticionamento,"CINCO VAGAS para advogados em PETICIONAMENTO, contratacao IMEDIATA, sede no Setor Sul. Remuneracao compativel com mercado + beneficios. Experiencia previa e diferencial, NAO determinante - porta de entrada facil. Informar a vaga pretendida no envio."
069,Kafuri Riemann Advogados,,adm@kafuririemann.com.br,direto,TRIBUTARIO,Goiânia,GO,Centro-Oeste,Advogado tributarista (VAGA ABERTA),https://www.rotajuridica.com.br/escritorios-em-goiania-oferecem-vagas-para-advogados-nas-areas-civel-e-tributaria-e-para-estagiarios,Banca com vaga aberta para ADVOGADO TRIBUTARISTA.
070,Lara Martins Advogados,,selecao@laramartinsadvogados.com.br,direto,"Trabalhista, civel, medico e saude, tributario, ambiental, imobiliario, digital, publico",Goiânia,GO,Centro-Oeste,Associado (3 VAGAS ABERTAS - hibrido/remoto),https://laramartinsadvogados.com.br/trabalhe-conosco,E-MAIL DE SELECAO / BANCO DE CURRICULOS expresso no site. VAGAS ABERTAS: Advogado(a) Pleno e Senior Trabalhista; Advogado(a) Civel (direito medico e hospitalar e diferencial); Advogado(a) Trabalhista Jr. Modelo HIBRIDO OU REMOTO. Unidades Goiania e Sao Paulo.
071,"Magalhães, Lima & Paiva Advogados Associados",,curriculomagalhaeslimaepaiva@gmail.com,direto,Civel e BANCARIO,Goiânia,GO,Centro-Oeste,Advogado (VAGA ABERTA),https://www.rotajuridica.com.br/escritorios-em-goiania-oferecem-vagas-para-advogados-nas-areas-civel-e-tributaria-e-para-estagiarios,"Vaga: advogado com experiencia em CIVEL e BANCARIO. Assunto exigido: ""Vaga Advogado Civel"". Area de forte afinidade com o perfil do Lucas."
072,"Magalhães, Lima & Paiva Advogados Associados - estágio",,curriculomagalhaeselimaepaiva@gmail.com,direto,Civel e bancario,Goiânia,GO,Centro-Oeste,Estagio (canal alternativo),https://www.rotajuridica.com.br/escritorios-em-goiania-oferecem-vagas-para-advogados-nas-areas-civel-e-tributaria-e-para-estagiarios,"Segundo endereco publicado pelo mesmo escritorio para vaga de estagio (exige Projudi, PJe e E-Proc)."
073,OAB/GO - Banco de Talentos (Seccional Goiás),,suportebt@oabgo.org.br,direto,Banco de talentos da advocacia goiana,Goiânia,GO,Centro-Oeste,Banco de talentos / cadastro,https://bancodetalentos.oabgo.org.br,BANCO DE TALENTOS oficial da OAB/GO para advogados em busca de colocacao. Tel (62) 3238-2000.
074,OAB/GO - Seccional Goiás (recrutamento),,recrutamento@oabgo.org.br,direto,Selecao publica de servicos e profissionais,Goiânia,GO,Centro-Oeste,Selecao publica / credenciamento,https://www.oabgo.org.br/oab-abre-selecao-publica-para-contratacao-de-servicos,E-MAIL DE RECRUTAMENTO da seccional. Recebe curriculo para selecoes publicas de contratacao de servicos.
075,Waldeck Advogados Associados,Eliane,eliane@waldeck.adv.br,direto,"Cobranca, contencioso de massa",Goiânia,GO,Centro-Oeste,Estagio / porta de entrada,https://www.rotajuridica.com.br/escritorios-em-goiania-oferecem-vagas-para-advogados-nas-areas-civel-e-tributaria-e-para-estagiarios,E-mail nominal. Escritorio com operacao de COBRANCA - perfil de alto volume.
076,Arraes & Centeno Advocacia,,atendimento@arraesadvogados.com.br,institucional,TRABALHISTA e PREVIDENCIARIO,Campo Grande,MS,Centro-Oeste,Associado / correspondente,https://arraesecenteno.com.br/contato,"TRABALHISTA + PREVIDENCIARIO, atendimento em TODO O PAIS e no exterior. Unidades Campo Grande/MS, Sao Paulo/SP e Patos de Minas/MG. Premio de melhor canal juridico do YouTube (ADVBOX). Tel (67) 3025-4546."
077,Medeiros & Medeiros Advogados Associados,,contato@medeirosemedeiros.adv.br,institucional,"ACIDENTE DE TRABALHO, DOENCAS OCUPACIONAIS, trabalhista",Dourados,MS,Centro-Oeste,Parceria / trabalhe conosco,https://medeirosemedeiros.adv.br/contato,ALTA AFINIDADE: especializado em ACIDENTE DE TRABALHO e DOENCAS OCUPACIONAIS - exatamente a area trabalhista do Lucas. Unidades em Dourados/MS e MANAUS/AM. Tem paginas PARCEIROS e TRABALHE CONOSCO. Tel (67) 3421-0913.
078,OAB/MS - Banco de Talentos (Seccional Mato Grosso do Sul),,suportebt@oabms.org.br,direto,Banco de talentos com vagas ativas,Campo Grande,MS,Centro-Oeste,Banco de talentos / vaga aberta,https://bancodetalentos.oabms.org.br,BANCO DE TALENTOS oficial com VAGA ATIVA de Advogado(a) TRABALHISTA-PREVIDENCIARIO em Campo Grande. Tel (67) 3318-4700.
079,Alves Athaíde Advogados Associados,,contato@alvesathaide.com.br,institucional,"Transporte e logistica, agronegocio, BANCARIO, sucessorio, empresarial, processo civil",Cuiabá,MT,Centro-Oeste,Advogado (VAGA ABERTA) / correspondente,https://www.instagram.com/reel/DUsjYHeDgGP,"Anuncio proprio do escritorio: vaga presencial para Advogado(a) em Processo Civil e Direito Civil, com envio de CV para este e-mail. 20+ anos. MATRIZ Cuiaba/MT e unidades em Campo Grande, Curitiba, MANAUS, PALMAS, Rondonopolis, Sao Paulo e Sinop - forte demanda de correspondencia no Norte e Centro-Oeste. Tem pagina CARREIRAS. Tel (65) 3055-0100."
080,OAB/MT - Seccional Mato Grosso,,presidencia@oabmt.org.br,institucional,Seccional - banco de curriculos,Cuiabá,MT,Centro-Oeste,Banco de curriculos / convenio,https://www.oabmt.org.br/noticia/17282/oab-mt-disponibiliza-banco-de-curriculos-para-auxiliar-na-contratacao-de-profissionais-da-advocacia,Seccional mantem BANCO DE CURRICULOS com 1.000+ cadastros para escritorios contratarem. Tel (65) 3613-0900.
081,Addan Sousa Advocacia,,addansousa.adv@gmail.com,direto,Civel / diversas,Uberlândia,MG,Sudeste,Estagio / porta de entrada,http://oabuberlandia.org.br/sig_oab.qps/Ref/OPWK-D96MGY,E-mail de recebimento de curriculos divulgado no mural da OAB Uberlandia.
082,Advocacia Houffman,,advocaciahouffman@gmail.com,direto,"Civel, gestao processual",Uberlândia,MG,Sudeste,Advogado (vaga aberta),https://www.oabuberlandia.org.br/sig_oab.qps/Ref/OPWK-DSFMH8,Vaga publicada no mural da OAB Uberlandia. Pede curriculo + carta de apresentacao.
083,Advogados Santos,Diego,diego@advogadossantos.adv.br,direto,Civel / diversas,Uberlândia,MG,Sudeste,Estagio / porta de entrada,http://oabuberlandia.org.br/sig_oab.qps/Ref/OPWK-D96MGY,E-mail nominal de socio divulgado em anuncio de vaga na OAB Uberlandia.
084,Advogados Santos,Raianny,raianny@advogadossantos.adv.br,direto,Civel / diversas,Uberlândia,MG,Sudeste,Estagio / porta de entrada,http://oabuberlandia.org.br/sig_oab.qps/Ref/OPWK-D96MGY,Segundo e-mail nominal divulgado no mesmo anuncio.
085,Aires Vigo Advogados - unidade Granja Marileusa,Tharley Dias,tharleydias@airesvigo.com.br,direto,CIVEL e TRABALHISTA,Uberlândia,MG,Sudeste,Estagio / porta de entrada,https://www.oabuberlandia.org.br/sig_oab.qps/Ref/OPWK-D8QPFP,Escritorio com unidades. Experiencia com PJe e diferencial.
086,Amancio e Assumpção Sociedade de Advogados,,selecaoadv@amancioeassumpcao.adv.br,direto,"BANCARIO (busca e apreensao Dec-Lei 911/69), EXECUCAO, COBRANCA, MONITORIA",Uberlândia,MG,Sudeste,Advogado Jr (2 vagas),https://www.oabuberlandia.org.br/sig_oab.qps/Ref/SYSK-CLUUJG,"E-MAIL DE SELECAO dedicado. Operacao de contencioso bancario em escala: busca e apreensao, execucao, cobranca e monitoria. Exige PJe e peticionamento. ALTA AFINIDADE com bancario."
087,Azevedo Sette Advogados,,faleconosco@azevedosette.com.br,institucional,"Full service: societario, tributario, trabalhista, mineracao, agronegocio, contencioso",Belo Horizonte,MG,Sudeste,Associado / parceria,https://www.azevedosette.com.br/contato,"Banca nacional com unidades em BH, Brasilia, Cuiaba, Recife, RJ e SP. Tem pagina CARREIRA e vagas ativas no LinkedIn (Advogado Jr Societario)."
088,Bruno Santos Advogados,Bruno Santos,bruno@brunosantosadvogados.com.br,direto,Civel / contencioso,Uberlândia,MG,Sudeste,Estagio HOME OFFICE (vaga aberta),https://www.oabuberlandia.org.br/sig_oab.qps/Ref/OPWK-DA9MQY,Vaga com INICIO IMEDIATO em HOME OFFICE. E-mail nominal do socio.
089,CALPREV Advocacia,Departamento Pessoal,depto.pessoal@calprev.com.br,direto,Trabalhista e previdenciario,Uberlândia,MG,Sudeste,Estagio / porta de entrada,https://www.oabuberlandia.org.br/sig_oab.qps/Ref/OPWK-DA2M2G,"Escritorio trabalhista e previdenciario. E-mail do DEPARTAMENTO PESSOAL - canal de contratacao. Vaga de estagio publicada com titulo ""ESTAGIO""."
090,Carlos Miro Advogados,Yasmin Santos,yasminsantos@carlosmiro.adv.br,direto,"Contencioso massificado, consumidor, bancario",Uberlândia,MG,Sudeste,Associado (vaga aberta),https://www.indeed.com/ (anuncio de vaga - descricao literal),E-mail nominal de recrutamento no anuncio. Vaga: Advogado Contencioso Massificado.
091,Celer Advogados,,contato@celer.adv.br,institucional,Departamento juridico / contencioso,Uberlândia,MG,Sudeste,Assistente juridico / estagio,https://www.oabuberlandia.org.br/sig_oab.qps/Ref/SYSK-CLUUJG,Vaga em departamento juridico com peticionamento e PJe.
092,Cerizze Advogados,,contato@cerizze.com,institucional,EMPRESARIAL,Uberlândia,MG,Sudeste,Advogado Empresarial (vaga),https://www.oabuberlandia.org.br/sig_oab.qps/Ref/SYSK-CLUUJG,"Assunto exigido no e-mail: ""Oportunidade Advogado Empresarial""."
093,Cláudio Gayer Advocacia,Cláudio Gayer,claudiogayer.adv@gmail.com,direto,PREVIDENCIARIO,Juiz de Fora,MG,Sudeste,Estagio/associado REMOTO,https://www.juizdefora-oabmg.org.br/servicos/oportunidades,MODALIDADE REMOTA em DIREITO PREVIDENCIARIO - dupla afinidade com o perfil. Vitrine de Oportunidades da OAB Juiz de Fora. Tel (32) 99130-9381.
094,Cristiane RH - consultoria de recrutamento,,selecao@cristianerh.com.br,direto,RECRUTADOR - vagas juridicas (tributario e outras),Uberlândia,MG,Sudeste,Recrutador / consultoria de selecao,https://www.oabuberlandia.org.br/sig_oab.qps/Ref/OPWK-DSFMH8,CONSULTORIA DE RH que recruta para escritorios de advocacia. E-MAIL DE SELECAO. Recrutou Advogado(a) Tributarista.
095,ECAA Advogados,Laura,laura@ecaa.adv.br,direto,Civel / gestao processual,Uberlândia,MG,Sudeste,Estagio / porta de entrada,https://www.oabuberlandia.org.br/sig_oab.qps/Ref/OPWK-DJ5MCU,E-mail nominal. Tel (34) 99151-8871 (falar com Laura).
096,Ecio Roza Advocacia,,ecioroza@eciorozaadv.com.br,direto,Civel / atendimento,Uberlândia,MG,Sudeste,Estagio / porta de entrada,https://www.oabuberlandia.org.br/sig_oab.qps/Ref/OPWK-D8QPFP,Vaga com producao de conteudo juridico e atendimento.
097,Edilson Soares Advocacia,Edilson Soares,soaresedilson@yahoo.com.br,direto,Civel / administrativo,Uberlândia,MG,Sudeste,Administrativo / porta de entrada,https://www.oabuberlandia.org.br/sig_oab.qps/Ref/OPWK-DAWLN6,Recebe curriculos por e-mail com assunto especificado.
098,Enrique Cesar Advogados,,contato@enriquecesar.com.br,institucional,Civel / contencioso,Uberlândia,MG,Sudeste,Estagio / porta de entrada,https://www.oabuberlandia.org.br/sig_oab.qps/Ref/OPWK-D9TM3H,Vaga de estagio remunerado com conducao de processos judiciais e extrajudiciais.
099,Escritório de advocacia (anúncio OAB Uberlândia - Andreia),Andreia,andreia.adv-gov@outlook.com.br,direto,Publico / administrativo,Uberlândia,MG,Sudeste,Estagio / porta de entrada,https://www.oabuberlandia.org.br/sig_oab.qps/Ref/OPWK-DAWLN6,Canal de curriculos divulgado no mural da subsecao.
100,Escritório de advocacia empresarial (anúncio OAB Uberlândia),,escritoriodeadvocacia023@gmail.com,direto,"Empresarial, trabalhista, consumidor, contratos",Uberlândia,MG,Sudeste,ADVOGADO ASSOCIADO (vaga aberta),http://oabuberlandia.org.br/sig_oab.qps/Ref/OPWK-D96MGY,"Anuncio literal: ""ABERTA OPORTUNIDADE PARA ADVOGADO(A) QUE QUEIRA SE ASSOCIAR A ESCRITORIO DE ADVOCACIA EMPRESARIAL"". Requisitos: OAB + CNH + exercicio da advocacia desde 2020."
101,Escritório previdenciário/cível/bancário de Uberlândia (2º contato),Ana Julia Bernesto,anajuliabernesto97@gmail.com,direto,"PREVIDENCIARIO, CIVIL e BANCARIO",Uberlândia,MG,Sudeste,Estagio / porta de entrada,https://oabuberlandia.org.br/sig_oab.qps/Ref/OPWK-D4ZLNV,Segundo e-mail indicado no mesmo anuncio.
102,Escritório previdenciário/cível/bancário de Uberlândia (anúncio OAB),Daniella de Paula,danielladepaula18@gmail.com,direto,"PREVIDENCIARIO, CIVIL e BANCARIO",Uberlândia,MG,Sudeste,Estagio / porta de entrada,https://oabuberlandia.org.br/sig_oab.qps/Ref/OPWK-D4ZLNV,"TRINCA DE AREAS identica a do Lucas: previdenciario, civel e bancario. Curriculos por e-mail (WhatsApp e descartado)."
103,FEG Consult / escritório estruturado (anúncio OAB Uberlândia),,atendimento.fegconsult@gmail.com,direto,Trabalhista e demandas compartilhadas,Uberlândia,MG,Sudeste,PARCERIA / advogado associado,https://oabuberlandia.org.br/sig_oab.qps/Ref/OPWK-DEMMSN,"Anuncio literal: ""OPORTUNIDADE ADVOGADO ASSOCIADO - PARCERIA... regime de parceria para atendimentos e demandas COMPARTILHADAS"". SEM EXIGENCIA DE VALOR FIXO pela estrutura. Escritorio a um quarteirao da Justica do Trabalho."
104,FFA Ferrareze e Freitas - unidade Uberlândia,,udi@ffa.com.br,direto,TRABALHISTA,Uberlândia,MG,Sudeste,Advogado Trabalhista CLT (vaga aberta),http://oabuberlandia.org.br/sig_oab.qps/Ref/OPWK-D5NLPZ,"Banca com vagas ativas tambem no LinkedIn. Vaga: Advogado Trabalhista CLT, exige OAB ativa, EXPERIENCIA EM AUDIENCIAS (inicial, una e instrucao), disponibilidade para viagens e CNH B."
105,Fernando Guedes Advocacia,,fernandoguedesadvocacia@gmail.com,direto,IMOBILIARIO,Juiz de Fora,MG,Sudeste,Estagio / porta de entrada,https://www.juizdefora-oabmg.org.br/servicos/oportunidades,Escritorio ESPECIALIZADO EM DIREITO IMOBILIARIO. Vitrine de Oportunidades da OAB Juiz de Fora.
106,Fonseca Pimentel Advocacia,,gfpadvbrasil@gmail.com,direto,Diversas areas - escalabilidade nacional,Uberlândia,MG,Sudeste,ADVOGADO ASSOCIADO REMOTO (contrato averbado na OAB),https://www.oabuberlandia.org.br/sig_oab.qps/Ref/OPWK-D8QPFP,"MELHOR ENCAIXE DA BASE. Texto literal: ""VAGAS: ADVOGADOS(AS) ASSOCIADOS(AS). Objetivo: formacao de equipe para desenvolvimento de trabalhos EM ESCALABILIDADE. Remuneracao: PORCENTAGEM POR TRABALHO DESENVOLVIDO, NAO HA FIXO. Horario FLEXIVEL. Atuar nas demandas INDEPENDENTE DA LOCALIZACAO DO CLIENTE. Formalizacao: AVERBACAO DO CONTRATO DE ADVOGADO ASSOCIADO JUNTO A OAB"". O escritorio ainda da orientacao juridica e pode arcar com os custos das acoes."
107,GAMAA - Advocacia de Bancos & Empresas,,contato@gamaa.com.br,institucional,"Bancario, empresarial",Belo Horizonte,MG,Sudeste,Correspondente / parceria,Site institucional oficial (pagina de contato/parceria),Especializada em carteiras de bancos - alto volume de audiencias e diligencias.
108,Galil e Fabre Advogados Associados,,assessoria4@galil.com.br,direto,EMPRESARIAL e CIVEL,Juiz de Fora,MG,Sudeste,Advogado (VAGA ABERTA),https://www.juizdefora-oabmg.org.br/servicos/oportunidades,"Escritorio EM EXPANSAO. Vaga de Advogado Empresarial/Civel: pecas, estrategia, acompanhamento em 1o e 2o grau e AUDIENCIAS. Tel (32) 3215-9912."
109,Gamborgi Advocacia,Fernanda Cardoso,fernandacardoso.gamborgiadv@gmail.com,direto,Civel / contencioso,Uberlândia,MG,Sudeste,Estagio / porta de entrada,http://oabuberlandia.org.br/sig_oab.qps/Ref/OPWK-D5NLPZ,"Assunto exigido: ""VAGA DE ESTAGIO"". Usa sistema CPJ."
110,Grupo BJL,,recrutamento@grupobjl.com.br,direto,"BANCARIO (busca e apreensao / alienacao fiduciaria), processo civil",Uberlândia,MG,Sudeste,Analista juridico CLT (vaga aberta),https://oabuberlandia.org.br/sig_oab.qps/Ref/OPWK-DEMMSN,E-MAIL DE RECRUTAMENTO. Operacao de DIREITO BANCARIO em escala (sistemas CobMais e Legal One). Regime CLT + beneficios. Tel (34) 98406-6002.
111,Guimarães Borges Advogados,Bárbara / Marcelo,contato@guimaraesborges.com.br,institucional,Civel / contencioso,Uberlândia,MG,Sudeste,Estagio / porta de entrada,https://www.oabuberlandia.org.br/sig_oab.qps/Ref/OPWK-DJ5MCU,Duas vagas. Exige conhecimento de PJE e e-Proc. Tel (34) 3212-1514.
112,JP&F Consultoria - RH e hunting jurídico,,rh@jpefconsultoria.com.br,direto,RECRUTADOR - hunting juridico e C-Level,Araguari,MG,Sudeste,Recrutador / headhunter,https://jpefconsultoria.com.br/contato,"Consultoria com braco de hunting para area JURIDICA. Atua em MG, SP e nacional. Tel +55 34 3241-6966."
113,JP&F Consultoria - comercial,,comercial@jpefconsultoria.com.br,institucional,RECRUTADOR - hunting juridico,Araguari,MG,Sudeste,Recrutador / headhunter,https://jpefconsultoria.com.br/contato,Canal comercial para abertura de vagas e parcerias.
114,Jorge Vieira Santana Advocacia,,jorgevieirasantana.adv@gmail.com,direto,Civel / diversas,Uberlândia,MG,Sudeste,Estagio / porta de entrada,https://oabuberlandia.org.br/sig_oab.qps/Ref/OPWK-DEMMSN,E-mail de recebimento de curriculos no mural da OAB Uberlandia.
115,Juridigital (Drive Digital),,relacionamento@juridigital.com.br,institucional,BPO juridico e correspondencia,Belo Horizonte,MG,Sudeste,BPO / correspondente,Site institucional oficial (pagina de contato/parceria),Rede de BPO juridico - terceirizacao de tarefas processuais.
116,Kleber Dantas Advogados Associados,,atendimento@kleberdantas.adv.br,institucional,"Civel, empresarial, tributario, trabalhista, bancario, LGPD",Pouso Alegre,MG,Sudeste,Associado,https://kleberdantas.adv.br/contato,Fundado em 1972. Tem pagina TRABALHE CONOSCO (envio de CV em PDF). Tel (35) 3423-1653.
117,L Freitas Advocacia,,advocacia@lfreitasadvocacia.com,institucional,Civel / contencioso,Uberlândia,MG,Sudeste,Estagio / porta de entrada,https://www.oabuberlandia.org.br/sig_oab.qps/Ref/OPWK-D9TM3H,"Assunto exigido: ""VAGA PARA ESTAGIARIO(A)""."
118,LFR Advogados,,curriculo@lfradvogados.com.br,direto,"Civel, cobranca judicial e extrajudicial, execucoes, contratos, titulos de credito, recuperacao judicial",Uberlândia,MG,Sudeste,Advogado Civel (VAGA ABERTA),https://www.oabuberlandia.org.br/sig_oab.qps/Ref/OPWK-DWTMBP,"E-MAIL DEDICADO A CURRICULOS. Assunto exigido: ""VAGA ADVOGADO CIVEL"". Exige OAB ativa + 2 anos de pratica. Perfil casa com contencioso de massa e bancario."
119,Lei do Motorista - Advocacia,Cleria,cleria@leidomotorista.com.br,direto,TRABALHISTA e empresarial (consultoria preventiva),Uberlândia,MG,Sudeste,Advogado Pleno (vaga aberta),https://www.oabuberlandia.org.br/sig_oab.qps/Ref/OPWK-D9TM3H,"Vaga: ADVOGADO(A) PLENO em demandas TRABALHISTAS e consultoria preventiva, com AUDIENCIAS. Assunto exigido: ""CANDIDATURA - ADVOGADO PLENO"". Av. Rondon Pacheco 635, Green Business Place."
120,Leônidas Souza Advogados Associados,Leônidas Souza,leonidas.lsv.adv@gmail.com,direto,"CIVEL, TRABALHISTA e EMPRESARIAL - preventivo, contencioso e assessoria",Uberlândia,MG,Sudeste,ADVOGADO JUNIOR NA CONDICAO DE ASSOCIADO,https://oabuberlandia.org.br/sig_oab.qps/Ref/OPWK-DJZMCK,"Vaga expressa de ""ADVOGADO(A) JUNIOR - CONDICAO DE ASSOCIADO"". Exige manejo de PJE, E-SAJ e EPROC. ""Oportunidade real de ascensao profissional"". WhatsApp (34) 98827-9496."
121,Lima Bernardes Advogados,,contato@limabernardes.com,institucional,Trabalhista (reclamante),Uberlândia,MG,Sudeste,Advogado Trabalhista (VAGA ABERTA),https://www.oabuberlandia.org.br/sig_oab.qps/Ref/OPWK-DWTMBP,"Vaga: Advogado(a) Trabalhista, minimo 1 ano na area reclamante. Audiencias e pecas."
122,Marcela Guimarães Sociedade de Advogados,,controladoria@marcelaguimaraes.adv.br,direto,TRIBUTARIO,Uberlândia,MG,Sudeste,Estagio / porta de entrada,https://www.oabuberlandia.org.br/sig_oab.qps/Ref/OPWK-DAWLN6,"Canal da controladoria juridica. Assunto exigido: ""VAGA ESTAGIO""."
123,Marcelo Tostes Advogados Associados,,recrutamento@mtostes.com.br,direto,"Civel, contencioso de escala, bancario",Belo Horizonte,MG,Sudeste,Associado (vaga aberta),https://www.indeed.com/ (anuncio de vaga - descricao literal),E-MAIL DE RECRUTAMENTO confirmado no texto do anuncio. Vaga: Advogado Civel Junior/Pleno - Contencioso de Escala.
124,Marcelo Tostes Advogados Associados,,contato@mtostes.com.br,institucional,"Civel, bancario, contencioso de massa",Belo Horizonte,MG,Sudeste,Correspondente / parceria,Site institucional oficial (pagina de contato/parceria),Contato geral da banca. Uma das maiores do pais em contencioso de massa.
125,Mateus Martins Advogados,Mateus Martins,mateus@mateusmartinsadvogados.com.br,direto,EMPRESARIAL e TRIBUTARIO,Uberlândia,MG,Sudeste,Estagio / construcao de carreira,https://www.oabuberlandia.org.br/sig_oab.qps/Ref/OPWK-DJ5MCU,"E-mail nominal do socio. Escritorio de Direito Empresarial e Tributario. Busca quem queira ""crescer no escritorio e assumir responsabilidades""."
126,Mateus Martins Advogados - canal alternativo,,mateusmartinsadvogados@gmail.com,direto,EMPRESARIAL e TRIBUTARIO,Uberlândia,MG,Sudeste,Estagio ou Advogado,https://www.oabuberlandia.org.br/sig_oab.qps/Ref/OPWK-D2UMSZ,"Segundo canal do escritorio, com assunto ""Oportunidade - Estagio"" ou ""Oportunidade - Advogado""."
127,NC Advogados,Nubie Cardoso,nubie.cardoso@ncadv.com.br,direto,CIVEL e BANCARIO - execucao de titulo extrajudicial,Uberlândia,MG,Sudeste,Advogado REMOTO (vaga aberta),http://oabuberlandia.org.br/sig_oab.qps/Ref/OPWK-D5NLPZ,"DESTAQUE: vaga para advogado(a) civel com experiencia em EXECUCAO DE TITULO EXTRAJUDICIAL no RAMO BANCARIO, prestacao de servicos DE FORMA REMOTA, 9h as 18h. E-mail nominal. Casa com o perfil bancario do Lucas e permite atuar de Ji-Parana."
128,OAB Uberlândia - canal de divulgação de vagas,,assessoria.oabuberlandia@gmail.com,direto,Canal que centraliza TODAS as vagas juridicas da regiao,Uberlândia,MG,Sudeste,Fonte de vagas / cadastro,https://www.oabuberlandia.org.br/sig_oab.qps/Ref/OPWK-DWTMBP,E-MAIL OFICIAL para onde escritorios enviam suas vagas. Mural publicado toda segunda-feira. Otimo canal para se cadastrar e monitorar.
129,OAB Uberlândia - subseção,,uberlandia@oabmg.org.br,institucional,Subsecao OAB/MG,Uberlândia,MG,Sudeste,Convenio / mural de vagas,https://www.oabuberlandia.org.br/sig_oab.qps/Ref/OPWK-DWTMBP,Contato institucional da subsecao. Tel (34) 3234-5555.
130,PTZ Advogados,,recrutamento@ptzadvogados.com.br,direto,TRABALHISTA,Uberlândia,MG,Sudeste,Advogado Trabalhista CLT (vaga aberta),https://www.oabuberlandia.org.br/sig_oab.qps/Ref/OPWK-DQBMFS,"E-MAIL DE RECRUTAMENTO. Vaga com REALIZACAO DE AUDIENCIAS, prazos e gestao processual. Beneficios: assistencia medica e odontologica, VR, VT e seguro de vida."
131,PrecPago (jurídico de precatórios),,vagas@precpago.com.br,direto,PREVIDENCIARIO e CIVEL - precatorios e cessao de credito,Uberlândia,MG,Sudeste,Advogado CLT (vaga aberta),https://www.oabuberlandia.org.br/sig_oab.qps/Ref/OPWK-DA9MQY,"E-MAIL DEDICADO A VAGAS. Exige OAB ativa e conhecimento em PREVIDENCIARIO e CIVEL, com dominio de e-SAJ, PJe e eproc. Tambem contrata Advogado Junior para cessao de PRECATORIOS."
132,PrecPago - Pessoas e Cultura,,pessoas.cultura@precpago.com.br,direto,Previdenciario e civel - precatorios,Uberlândia,MG,Sudeste,RH / recrutamento,https://www.oabuberlandia.org.br/sig_oab.qps/Ref/OPWK-DA9MQY,E-MAIL DE RH (Pessoas e Cultura) indicado no mesmo anuncio.
133,Raphael Souza Advogados,,vagas@raphaelsouza.com.br,direto,Civel / diversas,Uberlândia,MG,Sudeste,ADVOGADO ASSOCIADO (vaga aberta),http://oabuberlandia.org.br/sig_oab.qps/Ref/OPWK-D96MGY,E-MAIL DEDICADO A VAGAS. Regime: ADVOGADO(A) ASSOCIADO(A) 100% presencial. Remuneracao inicial R$ 1.800 + bonificacoes. Processo: CV > teste pratico (peca) > video > entrevista.
134,Recrutamento Jus UDI,,recrutamentojusudi@gmail.com,direto,Juridico - diversas,Uberlândia,MG,Sudeste,Recrutamento juridico local,https://oabuberlandia.org.br/sig_oab.qps/Ref/OPWK-DJZMCK,Canal de recrutamento juridico da regiao de Uberlandia. Exige CNH B.
135,Rede Ed Mais - contratação jurídica,,redeedmais@gmail.com,direto,EMPRESARIAL - preventivo e contencioso,Uberlândia,MG,Sudeste,Advogada PJ (contrato de prestacao de servicos),http://oabuberlandia.org.br/sig_oab.qps/Ref/OPWK-D96MGY,"DESTAQUE: ""VAGA NAO E COM REGISTRO CLT. CONTRATO DE PRESTACAO DE SERVICOS JURIDICOS"" - modelo PJ/associado. Atividades incluem cobrancas, protocolo, acoes preventivas e contenciosas empresariais, atendimento e DILIGENCIAS."
136,Rossi Advogados,Ana Maria,anamaria@rossiadvogados.com,direto,Civel / contencioso,Uberlândia,MG,Sudeste,Administrativo / porta de entrada,https://www.oabuberlandia.org.br/sig_oab.qps/Ref/OPWK-DA9MQY,E-mail nominal para recebimento de curriculos.
137,"Santos, Andrade e Campos Sociedade de Advogados",Lorena Siqueira,lorenasiqueira.adv@gmail.com,direto,"TRABALHISTA, CIVEL e PREVIDENCIARIA",Uberlândia,MG,Sudeste,Estagio / porta de entrada,https://www.oabuberlandia.org.br/sig_oab.qps/Ref/OPWK-DAWLN6,Tres areas que casam com o perfil do Lucas.
138,Schwartz & Caixeta Advogados,,schwartzadvogados@gmail.com,direto,"Civel, previdenciario",Uberlândia,MG,Sudeste,Estagio / porta de entrada,https://oabuberlandia.org.br/sig_oab.qps/Ref/OPWK-DEMMSN,Vaga de estagio com diferencial em PJe. Canal aberto de curriculos.
139,Sette & M Advogados Associados,,contato@settemadvogados.com.br,institucional,"Advocacia de apoio / correspondencia nacional, civel",Belo Horizonte,MG,Sudeste,Parceria / correspondente,https://settemadvogados.com.br/contato,"Faz ADVOCACIA DE APOIO e correspondencia nacional desde 2007 (Migalhas). 6.000+ parceiros, 10.000+ processos. Convida expressamente a DISCUTIR UMA PARCERIA. Tel (31) 3047-1959."
140,Sousa Oliveira Advogados Associados,,contatoexterno.atendimento@gmail.com,direto,"Civel, processo civil, trabalhista e processo do trabalho",Uberlândia,MG,Sudeste,ADVOGADO ASSOCIADO (2 vagas abertas),https://www.oabuberlandia.org.br/sig_oab.qps/Ref/OPWK-DA2M2G,"Publicado no mural VAGAS DA SEMANA da OAB Uberlandia. Duas vagas: Advogado(a) Civel/Processo Civil e Advogado(a) Trabalhista. CONTRATO DE ADVOGADO ASSOCIADO, inicio imediato, presencial em Uberlandia. Exige OAB valida e dominio de peticionamento eletronico."
141,Sousa Oliveira Advogados Associados,,contato@sousaoliveira.com.br,institucional,"TRIBUTARIO, financeiro, publico, TRABALHISTA",Uberlândia,MG,Sudeste,Advogado (VAGAS ABERTAS),https://www.oabuberlandia.org.br/sig_oab.qps/Ref/OPWK-DQLM77,Duas frentes de vaga: Advogado Tributarista (pos em Tributario/Financeiro/Publico) e Advogado Trabalhista. Remuneracao compativel com mercado + Wellhub e anuidade.
142,Tamires Luz Advogados,,contato@tamiresluzadvocacia.com.br,institucional,Trabalhista (reclamante e reclamada),Uberlândia,MG,Sudeste,Assistente juridico / associado,https://oabuberlandia.org.br/sig_oab.qps/Ref/OPWK-DEMMSN,Escritorio TRABALHISTA. Recebe curriculos por este e-mail.
143,Victor Ganem Advocacia e Consultoria,Victor Ganem,victorganem.adv@gmail.com,direto,ADMINISTRATIVO e CIVEL,Uberlândia,MG,Sudeste,Advogado Junior (vaga aberta),http://oabuberlandia.org.br/sig_oab.qps/Ref/OPWK-D5NLPZ,Contratacao de 1 Advogado(a) Junior com experiencia em Direito Administrativo e Civel.
144,Vinícius Dias Advogados,Camila Caixeta,camilacaixeta@viniciusdias.adv.br,direto,Contencioso civel,Uberlândia,MG,Sudeste,Advogado Junior (VAGA ABERTA),https://www.oabuberlandia.org.br/sig_oab.qps/Ref/OPWK-DJ5MCU,"Vaga: ADVOGADO JUNIOR (assunto obrigatorio ""VAGA ADVOGADO JUNIOR""). Exige OAB regular; experiencia em contencioso e diferencial."
145,Vinícius Dias Advogados,Vinícius Dias (sócio),vinicius@viniciusdias.adv.br,direto,Contencioso civel,Uberlândia,MG,Sudeste,Advogado Junior (VAGA ABERTA),https://www.oabuberlandia.org.br/sig_oab.qps/Ref/OPWK-DJ5MCU,"E-MAIL DO SOCIO, indicado no proprio anuncio junto com o da Camila."
146,Vitor Figueiredo Advogados,,figueiredo.advo@gmail.com,direto,Civel / relacionamento com clientes,Uberlândia,MG,Sudeste,Estagio / porta de entrada,https://www.oabuberlandia.org.br/sig_oab.qps/Ref/OPWK-DQLM77,WhatsApp (16) 99613-5598.
147,Von Randow Advogados,Leandro von Randow,leandro@vonrandow.adv.br,direto,TRABALHISTA e PREVIDENCIARIO,Manhuaçu,MG,Sudeste,Associado / correspondente,https://vonrandow.adv.br/contato,Banca TRABALHISTA + PREVIDENCIARIA (as duas areas do Lucas) com ATENDIMENTO 100% ONLINE PARA TODO O BRASIL - gera demanda de correspondencia em comarcas distantes. E-mail nominal do socio. Tel 33 3332-2166.
148,Zarro Advogados,Graziella,graziella@zarroadvogados.com.br,direto,"Controladoria juridica, civel, empresarial",Uberlândia,MG,Sudeste,ADVOGADO ASSOCIADO (vaga aberta),https://www.oabuberlandia.org.br/sig_oab.qps/Ref/OPWK-DSFMH8,"Vaga: Advogado(a) para Departamento de CONTROLADORIA - advogado associado, presencial. Exige conhecimento em Controladoria Juridica e software Legal One. E-mail NOMINAL da responsavel."
149,Zarro Advogados,Rodrigo,rodrigo@zarroadvogados.com.br,direto,"Controladoria juridica, civel, empresarial",Uberlândia,MG,Sudeste,Advogado associado (2o canal),https://www.oabuberlandia.org.br/sig_oab.qps/Ref/OPWK-DJ5MCU,Segundo e-mail nominal publicado pelo escritorio no mural da OAB Uberlandia.
150,Zarro Advogados - controladoria,,controladoria@zarroadvogados.com.br,direto,Controladoria juridica,Uberlândia,MG,Sudeste,ADVOGADO ASSOCIADO (vaga aberta),https://www.oabuberlandia.org.br/sig_oab.qps/Ref/OPWK-D2UMSZ,"Terceiro canal publicado pelo escritorio. Regime: ADVOGADO ASSOCIADO, remuneracao a combinar."
151,IAB - Instituto dos Advogados Brasileiros,,comercial@iabnacional.org.br,institucional,Entidade nacional da advocacia - rede e parcerias,Rio de Janeiro,RJ,Sudeste,Parceria institucional / rede,https://iabnacional.org.br/seja-apoiador,Canal comercial da entidade para parceiros e apoiadores. Util para rede de contatos qualificados em ambito nacional.
152,LDCM Advogados,,contato@ldcm.com.br,institucional,"Bancario, telecom, varejo",Rio de Janeiro,RJ,Sudeste,Correspondente,Site institucional oficial (pagina de contato/parceria),"Carteiras de bancario, telecom e varejo - volume nacional."
153,Marcello Benevides Advogados,Marcello Benevides,contato@marcellobenevides.com,institucional,"CORRESPONDENCIA JURIDICA e advocacia de apoio, contencioso de massa",Rio de Janeiro,RJ,Sudeste,Correspondente / parceria,https://marcellobenevides.com/contencioso-massa-correspondente-juridico,"ESPECIALISTA EM CORRESPONDENCIA JURIDICA e advocacia de apoio, com pagina dedicada a contencioso de massa. Unidades RJ (Barra e Centro) e SP (Av. Paulista). Tel (21) 3217-3216 / (11) 4837-5761."
154,Urbano Vitalino Advogados - Rio de Janeiro,,rj@urbanovitalino.com.br,institucional,"Full service: tributario, civel, trabalhista, empresarial, ambiental, contratual",Rio de Janeiro,RJ,Sudeste,Correspondente / parceria / associado,https://www.urbanovitalino.com.br/contato,"Maior escritorio full service do Brasil, 14 capitais, 80+ anos. Pagina JUNTE-SE A NOS. E-mail proprio por unidade estadual."
155,AD Fontes Advocacia,,vagas@adfontes.com.br,direto,Civel empresarial,São Paulo,SP,Sudeste,Associado (VAGA ABERTA),https://www.instagram.com/p/DaDxWFlCQYI,"E-MAIL DEDICADO A VAGAS divulgado em anuncio publico: vaga ADVOGADO ASSOCIADO, assunto do e-mail deve ser ""Vaga Advogado Associado""."
156,Bueno Brandão Advocacia,,contato@buenobrandao.adv.br,institucional,Saude,São Paulo,SP,Sudeste,Correspondente,Site institucional oficial (pagina de contato/parceria),Direito a saude - tutelas e planos de saude.
157,Campanella Advocacia,,contato@campanellaadvocacia.com.br,institucional,Saude,São Caetano do Sul,SP,Sudeste,Correspondente,Site institucional oficial (pagina de contato/parceria),Direito a saude.
158,Diligeiro (Tikal Tech),,contato@tikal.tech,institucional,Plataforma de diligencias e audiencias,São Paulo,SP,Sudeste,Correspondente (cadastro),Site institucional oficial (pagina de contato/parceria),PLATAFORMA de diligencias/audiencias - rede nacional de correspondentes.
159,Elevare RH (recruta para Advocacia Schettini),,recrutamento@elevare-rh.com,direto,RECRUTADOR de vagas juridicas,São Paulo,SP,Sudeste,Recrutador / consultoria de RH,https://advocaciaschettini.com.br/trabalhe-conosco,CONSULTORIA DE RH que centraliza o recrutamento de escritorios de advocacia. E-mail expresso no Trabalhe Conosco da Advocacia Schettini.
160,Expansão Jurídica - Recrutamento e Seleção,,contato@expansaojuridica.com.br,institucional,RECRUTADOR exclusivo de advogados,São Paulo,SP,Sudeste,Recrutador especializado,https://expansaojuridica.com.br,Consultoria EXCLUSIVA em recrutamento de advogados. Cadastro de CV gratuito; so cobra se efetivado. Tel (11) 3073-0796.
161,Fibra RH - Consultoria em Recursos Humanos,,comercial@fibrarh.com.br,institucional,RECRUTADOR generalista com vagas juridicas,São José do Rio Preto,SP,Sudeste,Recrutador,https://www.fibrarh.com.br/contato,Consultoria de RH no interior paulista. Tel (17) 3363-7133.
162,GWF Advogados e Associados,,gestao@gwfadvocacia.com.br,direto,Bancario,Ribeirão Preto,SP,Sudeste,Associado (vaga aberta),https://www.indeed.com/ (anuncio de vaga - descricao literal),Vaga: Advogado(a) Senior Lider - Direito Bancario.
163,Gantus Advogados Associados,,contato@gantusadvogados.com.br,institucional,Contencioso de massa,São Paulo,SP,Sudeste,Correspondente,Site institucional oficial (pagina de contato/parceria),Carteira de massa - alto volume.
164,JurisConnect Ltda,,contato@jurisconnect.com.br,institucional,"Rede de correspondentes - audiencias, diligencias, protocolos",Suzano,SP,Sudeste,Correspondente (cadastro gratuito),https://www.jurisconnect.com.br/contato,"LOGISTICA JURIDICA: cadastro gratuito, sem mensalidade, paga por demanda executada. 2.070 correspondentes ativos. WhatsApp (11) 98201-4321."
165,Karpat Sociedade de Advogados,,karpat@karpat.adv.br,institucional,"CONDOMINIAL, IMOBILIARIO, empresarial, trabalhista",São Paulo,SP,Sudeste,Correspondente / escritorio parceiro,https://karpat.adv.br/trabalhe-conosco,"Matriz SP + 12 unidades (Manaus, Maceio, Recife, Salvador, Campo Grande, Curitiba, Florianopolis, RJ, Campinas, Sao Carlos, Sorocaba). Mantem secao ESCRITORIOS PARCEIROS - canal formal de parceria. Tel (11) 3095-6000."
166,MDS Advocacia / Escritório Advocacia,,curriculo@escritorioadvocacia.adv.br,direto,Diversas areas - rede nacional de atendimento,Barueri,SP,Sudeste,PARCERIA / rede de atendimento,http://www.escritorioadvocacia.adv.br/o-escritorio/trabalhe-conosco,"TEXTO LITERAL: ""Se voce e Advogado regularmente inscrito na OAB e deseja FAZER PARCERIA conosco mande um email... informacoes sobre seu escritorio"". Monta REDE DE ATENDIMENTO nacional - encaixe direto para correspondencia em RO."
167,MDS Advocacia / Escritório Advocacia - contato geral,,info@escritorioadvocacia.adv.br,institucional,Diversas areas,Barueri,SP,Sudeste,Parceria / rede,http://www.escritorioadvocacia.adv.br/o-escritorio/trabalhe-conosco,Contato institucional. WhatsApp +55 11 99225-9619.
168,Migalhas Correspondentes,,correspondentes@migalhas.com.br,direto,PLATAFORMA nacional de correspondencia - todas as areas,Ribeirão Preto,SP,Sudeste,Correspondente (cadastro de perfil),https://correspondentes.migalhas.com.br/fale-conosco,PLATAFORMA PIONEIRA do pais em correspondencia juridica. Publica lista de CIDADES SEM CORRESPONDENTE com demanda imediata. WhatsApp (16) 99602-4464.
169,Nelson Wilians Advogados (NWADV),Nelson Wilians (fundador),nelson@nwadv.com.br,direto,"Full service, bancario, contencioso de massa",São Paulo,SP,Sudeste,Correspondente / associado,Site institucional oficial (pagina de contato/parceria),"Maior banca do pais em numero de advogados, presenca em todos os estados."
170,Oja & Piton Advogados Associados,,contato@ojapiton.adv.br,institucional,TRABALHISTA,Bauru,SP,Sudeste,Estagio / porta de entrada,https://oabbauru.org.br/servicos/vagas,Escritorio trabalhista. Mural de vagas da OAB Bauru.
171,Parra Advogados,,contato@parraadvogados.com.br,institucional,"Saude, securitario",São Paulo,SP,Sudeste,Correspondente,Site institucional oficial (pagina de contato/parceria),Direito a saude e seguros - area de forte afinidade.
172,Pinho & Associados Advogados,RH Pinho,rh.pinho@pinhoassociados.adv.br,direto,Juridico - diversas,Bauru,SP,Sudeste,Advogado II (VAGA ABERTA),https://oabbauru.org.br/servicos/vagas,"E-MAIL DE RH do escritorio. Vaga de Advogado(a) II, assunto ""Advogado(a)"". WhatsApp 14 99730-5732."
173,R. Barreto Advogados,,rbarreto@rbarreto.adv.br,direto,"Contencioso, audiencias",São Paulo,SP,Sudeste,Correspondente,Site institucional oficial (pagina de contato/parceria),Demanda de audiencias e diligencias fora do estado sede.
174,Santivo Recrutamento Jurídico,,santivo@santivo.adv.br,institucional,RECRUTADOR juridico exclusivo - todas as areas,São Paulo,SP,Sudeste,Recrutador especializado,https://www.santivo.adv.br,PRIMEIRA consultoria do pais exclusiva para o mercado juridico. Tel (11) 94585-3454. Tem secao ENVIE SEU CURRICULO.
175,Santivo Recrutamento Jurídico - cadastro de CV,,contato@santivo.adv.br,institucional,RECRUTADOR juridico exclusivo,São Paulo,SP,Sudeste,Recrutador (envio de curriculo),https://www.santivo.adv.br,Canal indicado no site para envio/atualizacao de curriculo.
176,Santivo Recrutamento Jurídico - indicacoes,,santivo@santivo.com.br,institucional,RECRUTADOR juridico exclusivo,São Paulo,SP,Sudeste,Recrutador (indicacao de vagas e profissionais),https://www.santivo.adv.br,E-mail que o site indica expressamente para INDICACAO DE VAGAS ABERTAS e de profissionais.
177,TM Advocacia Empresarial,,administrativo@tmadvs.com.br,institucional,"EMPRESARIAL, contencioso civel",Bauru,SP,Sudeste,Advogado (VAGA ABERTA),https://oabbauru.org.br/servicos/vagas,"Vaga de Advogado(a) Contencioso Civel: pecas, defesas, recursos e estrategia processual. Exige OAB ativa e CNH B."
178,TM Associados,,tm@tmassociados.com.br,institucional,"Trabalhista, empresarial, propriedade intelectual, contencioso, franquias, startups",Jundiaí,SP,Sudeste,Associado / parceria,https://tmassociados.com.br/contato,Unidades Jundiai e Sao Paulo. Tem paginas TRABALHE CONOSCO e PARCERIAS E ALIANCAS. Tel +55 11 2923-7989.
179,Urbano Vitalino Advogados - Sao Paulo,,sp@urbanovitalino.com.br,institucional,"Full service: tributario, civel, trabalhista, empresarial, ambiental, contratual",São Paulo,SP,Sudeste,Correspondente / parceria / associado,https://www.urbanovitalino.com.br/contato,"Maior escritorio full service do Brasil, 14 capitais, 80+ anos. Pagina JUNTE-SE A NOS. E-mail proprio por unidade estadual."
180,Velloza Advogados,,mail@velloza.com.br,institucional,"Tributario, societario, contencioso, full service",São Paulo,SP,Sudeste,Parceria / correspondente / carreiras,https://www.velloza.com.br/,"30+ anos. Unidades em Sao Paulo, Brasilia e Rio de Janeiro. Tel +55 11 3145-0055. Tem pagina CARREIRAS."
181,Gabardo & Terra Advogados Associados,,contato@gabardoeterra.com.br,institucional,"BANCARIO, contencioso e consultivo para instituicoes financeiras",Curitiba,PR,Sul,Associado / correspondente,https://gabardoeterra.com.br/contato,"Desde 1989, ATUACAO EM TODO O TERRITORIO NACIONAL, carteira com AS MAIORES INSTITUICOES FINANCEIRAS do pais. Divulga vagas de Advogado Bancario inclusive HOME OFFICE. Tel (41) 3322-8082."
182,OAB Londrina - subseção,,londrina@oabpr.org.br,institucional,Subsecao OAB/PR - mural de vagas,Londrina,PR,Sul,Fonte de vagas / cadastro,https://www.oablondrina.org.br,Subsecao da OAB/PR. Tel (43) 3294-5900.
183,OAB/PR - Seccional Paraná (SAC advocacia),,sac.adv@oabpr.org.br,institucional,Seccional - mural de vagas do PR,Curitiba,PR,Sul,Fonte de vagas / convenio,https://intranet.oabpr.org.br/servicos/vagas/web_vagas_lista.asp,"A OAB/PR mantem mural publico de VAGAS DISPONIVEIS para advogados e estagiarios. Piso etico PR: R$ 4.881,70."
184,RadarRH / Radar Gestão para Advogados,,radar@radardagestao.com.br,institucional,RECRUTADOR juridico - todas as areas e niveis,Curitiba,PR,Sul,Recrutador especializado (banco de talentos),https://radardagestao.com.br/recrutamento-e-selecao,"RECRUTADOR ESPECIALIZADO em juridico, atuacao NACIONAL. 20+ anos, 2.000+ selecoes, banco com 3.000+ profissionais. Seleciona ate socios e Controllers Juridicos. WhatsApp (41) 98790-7550."
185,SSantos Advogados,,advocacia@ssantos.adv.br,institucional,Previdenciario,Curitiba,PR,Sul,Correspondente previdenciario,Site institucional oficial (pagina de contato/parceria),Banca previdenciaria - demanda de audiencias e pericias fora do PR.
186,Trajano Neto & Paciornik Advogados (TNP),,contato@tnp.adv.br,institucional,"Bancario, empresarial, contencioso",Curitiba,PR,Sul,Correspondente (rede de coligados),Site institucional oficial (pagina de contato/parceria),Opera REDE DE ESCRITORIOS COLIGADOS - modelo de correspondencia formalizado.
187,Nazario & Nazario Advogados Associados,,contato@nazarioadvogados.com.br,institucional,"Previdenciario, trabalhista empresarial",Novo Hamburgo,RS,Sul,VAGA ABERTA: Advogado(a) Trabalhista e Assistente Juridico,https://www.nazarioadvogados.com.br/trabalhe-conosco,"Vagas publicadas no site. Exigem OAB ativa e conhecimento em TRT4, TRF4 e TJRS. Tel 51 3594-6682 / 51 99102-4836."
188,Urbano Vitalino Advogados - Porto Alegre,,rs@urbanovitalino.com.br,institucional,"Full service: tributario, civel, trabalhista, empresarial, ambiental, contratual",Porto Alegre,RS,Sul,Correspondente / parceria / associado,https://www.urbanovitalino.com.br/contato,"Maior escritorio full service do Brasil, 14 capitais, 80+ anos. Pagina JUNTE-SE A NOS. E-mail proprio por unidade estadual."
189,doc9 - Logística Jurídica,,atendimento@doc9.com.br,institucional,BPO juridico e rede de correspondentes,Porto Alegre,RS,Sul,Correspondente parceiro / carreira,https://doc9.com.br/contato,"LOGISTICA JURIDICA nacional, SEM MENSALIDADE para o correspondente, equipe dedicada a parceiros. Sedes Porto Alegre e Curitiba. Canal EXCLUSIVO PARA PARCEIROS CORRESPONDENTES: (51) 3021-8888. Tem rota CARREIRA no site."
190,ADVBOX,,relacionamento@advbox.com.br,institucional,Software juridico / rede de parceiros,Florianópolis,SC,Sul,Parceria / trabalhe conosco,Site institucional oficial (pagina de contato/parceria),Legaltech com programa de parceiros e vagas.
191,Beck Advogados Associados,,contato@beckadvogados.com,institucional,Diversas areas,Criciúma,SC,Sul,Estagio / porta de entrada,https://www.oabcriciuma.org.br/oportunidades,Vaga publicada no mural da OAB Criciuma. Tel (48) 99122-1862.
192,Becker & Victor Advogados,Renata,renatafbecker@hotmail.com,direto,TRABALHISTA,Criciúma,SC,Sul,ADVOGADO ASSOCIADO TRABALHISTA,https://www.oabcriciuma.org.br/oportunidades/page:2,"Vaga literal: ""advogado associado trabalhista"". Tel (48) 99987-8469."
193,CMD Advogados Associados,Dra. Cirege,cirege@hotmail.com,direto,Diversas areas,Içara,SC,Sul,ADVOGADO ASSOCIADO (2 vagas),https://www.oabcriciuma.org.br/oportunidades,Duas vagas de Advogado(a) Associado(a). Tel (48) 99942-4571.
194,CMP Prev Advocacia,,cmpprev@cmpprev.com.br,institucional,Previdenciario,Florianópolis,SC,Sul,Correspondente previdenciario,Site institucional oficial (pagina de contato/parceria),Banca previdenciaria nacional - demanda de JEF em outras comarcas.
195,Cargnin & Santos Advogados Associados,Dra. Aline / Dr. Douglas,dp.csadvogados@gmail.com,direto,Diversas areas,Criciúma,SC,Sul,ADVOGADO ASSOCIADO (4 VAGAS),https://www.oabcriciuma.org.br/oportunidades/page:3,QUATRO VAGAS de Advogado(a) Associado(a). Tel (48) 99987-4878.
196,Escritório previdenciário de Forquilhinha (anúncio OAB Criciúma),Emanuel,emanuelceg@hotmail.com,direto,PREVIDENCIARIO (administrativo e judicial),Forquilhinha,SC,Sul,ADVOGADO ASSOCIADO (vaga aberta),https://www.oabcriciuma.org.br/oportunidades/page:3,"VAGA - ADVOGADO(A) ASSOCIADO(A) | DIREITO PREVIDENCIARIO, em demandas administrativas e judiciais. Exige OAB ativa e pos-graduacao em Previdenciario. ENCAIXE DIRETO no perfil do Lucas. Tel (48) 99972-2963."
197,Goulart e Francisco Advogados Associados,André,goulartfranciscoadv@gmail.com,direto,Diversas areas,Criciúma,SC,Sul,Estagio / porta de entrada,https://www.oabcriciuma.org.br/oportunidades/page:2,Tel (48) 98804-2656.
198,Lazzaris Advogados,,gestao@lazzaris.adv.br,direto,"Previdenciario, consultivo",Jaraguá do Sul,SC,Sul,Assistente juridico / associado (vagas abertas),https://oabjaraguadosul.org.br/oportunidades,Mural de vagas da OAB Jaragua do Sul. Duas vagas ativas. Foco em DIREITO PREVIDENCIARIO - forte afinidade.
199,OAB/SC - Banco de Oportunidades (Seccional Santa Catarina),,cadastro@oab-sc.org.br,direto,Banco de oportunidades - vagas de escritorios e sociedades,Florianópolis,SC,Sul,Banco de oportunidades / cadastro,https://www.oab-sc.org.br/banco-oportunidades,"BANCO DE OPORTUNIDADES oficial. Vagas ativas publicadas (ex.: Apolinario e Fernandes Advogados - Civel/Previdenciario, Criciuma). Tel (48) 3239-3565."
200,Patrícia Cechinel Advogados Associados,Dra. Patrícia Cechinel,patriciacechinel_adv@hotmail.com,direto,CIVEL e BANCARIO,Criciúma,SC,Sul,ADVOGADO ASSOCIADO (carteira + sociedade futura),https://www.oabcriciuma.org.br/oportunidades,"DESTAQUE: ""Torne-se um ASSOCIADO do Escritorio. Oportunidade para ASSUMIR CARTEIRA DE CLIENTES na area Civel, BANCARIA. Com COMISSIONAMENTO e POSSIBILIDADE FUTURA DE SOCIEDADE"". Presencial/hibrida. Tel (48) 99959-7333."
201,Pavei e Fernandes Advocacia,Bárbara Pavei,barbarapavei@pfadvocacia.adv.br,direto,Diversas areas,Criciúma,SC,Sul,ADVOGADO ASSOCIADO EM PARCERIA (5 VAGAS),https://www.oabcriciuma.org.br/oportunidades/page:4,"CINCO VAGAS: ""Advogado(a) Associado(a) para trabalhar EM PARCERIA com a Sociedade de advogados Pavei e Fernandes"". Tel (48) 99914-0601."
202,Rodrigues & Bitencourt Advogados,Dra. Marri / Manuela,alicejeremiasrodrigues@gmail.com,direto,CIVEL,Criciúma,SC,Sul,ADVOGADO ASSOCIADO (vaga aberta),https://www.oabcriciuma.org.br/oportunidades/page:3,"Vaga para advogado area civel: peticoes iniciais, prazos. Tel (48) 99987-0276."
203,"Sociedade de Advogados Budny, Tomazi & Ugioni",Lucas Ugioni,lucas@btuadvocacia.com,direto,Diversas areas,Criciúma,SC,Sul,ADVOGADO ASSOCIADO EM PARCERIA (2 vagas),https://www.oabcriciuma.org.br/oportunidades/page:4,"Duas vagas: ""Advogado(a) Associado(a) para atuar EM PARCERIA com a Sociedade"". E-mail nominal do socio. Tel (48) 99652-4288."
204,Souza & Serafim Advocacia e Assessoria,Maria Serafim de Freitas,maria.serafim@hotmail.com,direto,Diversas areas,Içara,SC,Sul,Advogado periodo integral (vaga aberta),https://www.oabcriciuma.org.br/oportunidades/page:2,Vaga aberta para advogado(a) em periodo integral. Tel (48) 99994-9539.
205,Valentin & Possamai Advogados Associados,Diego,contato@valentinpossamai.com.br,institucional,Diversas areas,Criciúma,SC,Sul,Estagio / porta de entrada,https://www.oabcriciuma.org.br/oportunidades/page:2,Tel (48) 99858-9349.
206,Wesley Mendes Advocacia,Juniele,escritoriowesleymendes@gmail.com,direto,BANCARIO,Criciúma,SC,Sul,Estagio / porta de entrada,https://www.oabcriciuma.org.br/oportunidades,"Escritorio com operacao de DIREITO BANCARIO. Duas vagas, assunto ""Estagio - Manha ou Tarde""."
207,BetLaw Advogados,,contato@betlaw.com.br,institucional,Contencioso bancario / recuperacao de credito,Não informado,BR,Nacional,Advogado (expansao de time),https://www.instagram.com/p/DYNhuj8P5NX,"Anuncio proprio: ""Estamos expandindo nosso time""; envio de curriculos APENAS por este e-mail, detalhando a vaga no assunto."
208,Edilamara Rangel Advocacia,Edilamara Rangel,rangel.edilamara@edilamararangel.adv.br,direto,Juridico - diversas,Não informado,BR,Nacional,Advogado (vaga aberta),https://www.instagram.com/p/DXt4AxxDtMG,E-mail nominal da titular divulgado em anuncio publico de vaga.
209,Firlan Advogados,,contato@firlanadvogados.com.br,institucional,PREVIDENCIARIO,Não informado,BR,Nacional,Advogado previdenciarista (VAGA ABERTA),https://www.instagram.com/p/Daxur40RJys,"Anuncio proprio: SEGUNDA CHAMADA para VAGA DE ADVOGADO(A) PREVIDENCIARISTA, selecao em aberto."
210,GA Advogados,,secretaria@advogadosga.com.br,institucional,Juridico - diversas,Não informado,BR,Nacional,Advogado (vaga aberta),https://www.instagram.com/p/DRI_CwXjRZV,Vaga divulgada via mural de subsecao da OAB com envio de CV para a secretaria.
211,GM Carvalho Advogados,,vagas@gmcarvalho.com.br,direto,Juridico - diversas areas,Não informado,BR,Nacional,Associado (vaga aberta),https://www.facebook.com/groups/1703528653094334,E-MAIL DEDICADO A VAGAS divulgado em anuncio publico no grupo VAGAS JURIDICAS.
212,Meu Correspondente Jurídico (Activeline),,contato@activeline.com.br,institucional,Plataforma de correspondentes - todas as areas,Nacional,BR,Nacional,Correspondente (cadastro),Site institucional oficial (pagina de contato/parceria),PLATAFORMA nacional: cadastro gratuito como correspondente.
213,Monteiro AKL Advogados,,contato@monteiroakl.com.br,institucional,Juridico - diversas,Não informado,BR,Nacional,Advogado (vaga aberta),https://www.instagram.com/p/DRj4wI0jeL0,Vaga para advogado(a) com OAB ativa e minimo 3 anos de experiencia.
214,Márcio Cunha Advogados,,marciocunhaadvogados@gmail.com,direto,"TRABALHISTA, PREVIDENCIARIO e CIVEL",Não informado,BR,Nacional,ADVOGADA JUNIOR ASSOCIADA - 100% REMOTO,https://www.instagram.com/reel/DUYui5MDyDP,"VAGA 100% REMOTA de advogada junior ASSOCIADA nas areas trabalhista, previdenciaria e civel. Vaga exclusiva para mulheres. Trinca de areas identica a do Lucas - vale indicar a Dra. Marcela Calegario (OAB/RO 10.779)."
215,SADV Advogados,G. Lira,g.lira@sadv.com.br,direto,Juridico - contencioso,Não informado,BR,Nacional,Advogado HOME OFFICE (vaga aberta),https://www.facebook.com/groups/466343606879435/posts/3000059283507842,"VAGA HOME OFFICE para advogado, divulgada em grupo publico de vagas juridicas. Modalidade REMOTA - compativel com atuacao a partir de Ji-Parana."
216,Wilson Moraes Advogados (GAJ),,selecao@wilsonmoraesadv.com.br,direto,Juridico - diversas,Não informado,BR,Nacional,Programa de selecao / associado,https://www.instagram.com/reel/DTQvBQbEWDN,E-MAIL DE SELECAO dedicado. Programa de ingresso na advocacia (GAJ).
