Tipo,Parceiro,Cidade,UF,E-mail,Confirmacao,Site,Pagina onde o e-mail aparece,Modelo de proposta,Dominio valido (MX),Status
Imobiliaria,Imobiliária Jardins,Ji-Paraná,RO,vendas@jardinsimobiliaria.com,Confirmado (lido no site),https://jardinsimobiliaria.com.br/,https://jardinsimobiliaria.com.br/,D1,MX ok,rascunho criado 2026-10-07
Imobiliaria,KQueiroz Soluções Imobiliárias,Ji-Paraná,RO,contato@kqueiroz.com.br,Confirmado (lido no site),https://kqueiroz.com.br/,https://kqueiroz.com.br/,D1,MX ok,rascunho criado 2026-10-07
Imobiliaria,G3 Imóveis,Ji-Paraná,RO,g3imoveisltda@gmail.com,Confirmado (lido no site),https://www.g3imoveisltda.com.br/,https://www.g3imoveisltda.com.br/,D1,MX ok (webmail),rascunho criado 2026-10-07
Imobiliaria,Terra Brasil Imobiliária,Ji-Paraná,RO,imobiliaria@terrabrasilimob.com.br,Confirmado (lido no site),https://www.terrabrasilimob.com.br/,https://www.terrabrasilimob.com.br/,D1,MX ok,rascunho criado 2026-10-07
Imobiliaria,Habitare Assessoria Imobiliária,Ji-Paraná,RO,habitareimobiliariajipa@gmail.com,Confirmado (lido no site),https://www.habitarejipa.com.br/,https://www.habitarejipa.com.br/,D1,MX ok (webmail),rascunho criado 2026-10-07
Imobiliaria,Arrimo Imóveis,Ji-Paraná,RO,arrimoimoveis@gmail.com,Confirmado (lido no site),https://www.arrimoimoveis.com.br/,https://www.arrimoimoveis.com.br/,D1,MX ok (webmail),rascunho criado 2026-10-07
Imobiliaria,Inova Imobiliária,Cacoal,RO,inovaimobiliaria2023@gmail.com,Confirmado (lido no site),https://www.inovaimobiliariaro.com.br/,https://www.inovaimobiliariaro.com.br/,D1,MX ok (webmail),rascunho criado 2026-10-07
Imobiliaria,Imobiliária Marcos,Cacoal,RO,contato@imobiliariamarcos.com.br,Confirmado (lido no site),https://www.imobiliariamarcos.com.br/,https://www.imobiliariamarcos.com.br/,D1,MX ok,rascunho criado 2026-10-07
Imobiliaria,Marques Imóveis,Ariquemes,RO,vendasmarquesimoveisro@gmail.com,Confirmado (lido no site),https://www.marquesimoveisro.com.br/,https://www.marquesimoveisro.com.br/,D1,MX ok (webmail),rascunho criado 2026-10-07
Imobiliaria,Ariquemes Imóveis,Ariquemes,RO,ariquemesimoveis@gmail.com,Confirmado (lido no site),https://ariquemesimoveis.com.br/,https://ariquemesimoveis.com.br/,D1,MX ok (webmail),rascunho criado 2026-10-07
Imobiliaria,Casanossa Imobiliária,Ariquemes,RO,casanossa_imobiliaria@hotmail.com,Confirmado (lido no site),https://www.casanossaimobiliaria.com/,https://www.casanossaimobiliaria.com/contato,D1,MX ok (webmail),rascunho criado 2026-10-07
Imobiliaria,Ouro Preto Imobiliária,Ouro Preto do Oeste,RO,ouropretoimobiliaria@gmail.com,Confirmado (lido no site),https://www.ouropretoimobiliaria.com.br/,https://www.ouropretoimobiliaria.com.br/,D1,MX ok (webmail),rascunho criado 2026-10-07
Imobiliaria,Solução Imobiliária,Ouro Preto do Oeste,RO,solucaoimobiliaria.ro@hotmail.com,Confirmado (lido no site),https://www.solucaoimobiliariaro.com.br/,https://www.solucaoimobiliariaro.com.br/,D1,MX ok (webmail),rascunho criado 2026-10-07
Construtora/loteamento,Irene Construtora,Rolim de Moura,RO,irene_vendasdeterrenos@hotmail.com,Confirmado (lido no site),https://www.irenevendasdeterrenos.com/,https://www.irenevendasdeterrenos.com/,D1,MX ok (webmail),rascunho criado 2026-10-07
Imobiliaria,Sallami Imobiliária,Rolim de Moura,RO,sallamiimobiliaria@gmail.com,Confirmado (lido no site),https://www.sallamiimobiliaria.com.br/,https://www.sallamiimobiliaria.com.br/,D1,MX ok (webmail),rascunho criado 2026-10-07
Contabilidade,CF Contabilidade (rede; unidades Ji-Paraná e Ouro Preto),Ji-Paraná / Ouro Preto do Oeste,RO,faleconosco@cfcontabilidade.com,Confirmado (lido no site),https://cfcontabilidade.com.br/,https://cfcontabilidade.com.br/unidades/jipa/,D2,MX ok,rascunho criado 2026-10-07
Contabilidade,Contalize Contabilidade,Cacoal,RO,contalize@contalize.com.br,Confirmado (lido no site),https://contalize.com.br/,https://contalize.com.br/,D2,MX ok,rascunho criado 2026-10-07
Contabilidade,Escritório Rolim de Moura (contábil),Rolim de Moura,RO,escritoriorolim@hotmail.com,Confirmado (lido no site),https://escritoriorolim.com.br/fale-conosco.php,https://escritoriorolim.com.br/fale-conosco.php,D2,MX ok (webmail),rascunho criado 2026-10-07
Contabilidade,Ideal Contabilidade,Rolim de Moura,RO,contato@idealcontabilidade.net,Confirmado (lido no site),https://idealcontabilidade.net/,https://idealcontabilidade.net/,D2,MX ok,rascunho criado 2026-10-07
Contabilidade,HBB Contabilidade,Jaru,RO,contato@hbbcontabilidade.com.br,Confirmado (lido no site),https://hbbcontabilidade.com.br/,https://hbbcontabilidade.com.br/contato,D2,MX ok,rascunho criado 2026-10-07
Entidade,CDL Cacoal,Cacoal,RO,contato@cdlcacoal.com.br,Confirmado (lido no site),https://www.cdlcacoal.org/,https://www.cdlcacoal.org/,D4,MX ok,rascunho criado 2026-10-07
Sindicato rural,Sindicato dos Produtores Rurais de Ji-Paraná,Ji-Paraná,RO,sindruraljiparana@gmail.com,Confirmado (lido no site),https://sistemafaperon.org.br/ji-parana/,https://sistemafaperon.org.br/ji-parana/,D3,MX ok (webmail),rascunho criado 2026-10-07
Sindicato rural,Sindicato dos Produtores Rurais de Cacoal,Cacoal,RO,sindicatorural.cacoal@gmail.com,Confirmado (lido no site),https://sistemafaperon.org.br/cacoal/,https://sistemafaperon.org.br/cacoal/,D3,MX ok (webmail),rascunho criado 2026-10-07
Sindicato rural,Sindicato dos Produtores Rurais de Ouro Preto do Oeste,Ouro Preto do Oeste,RO,sind.opo.rural@hotmail.com,Confirmado (lido no site),https://sistemafaperon.org.br/ouro-preto/,https://sistemafaperon.org.br/ouro-preto/,D3,MX ok (webmail),rascunho criado 2026-10-07
Sindicato rural,Sindicato dos Produtores Rurais de Ariquemes,Ariquemes,RO,sinrural@sinrural.com,Confirmado (lido no site),https://www.faperon.com.br/mapa-sindicatos/sindicato-dos-produtores-rurais-de-ariquemes,https://www.faperon.com.br/mapa-sindicatos/sindicato-dos-produtores-rurais-de-ariquemes,D3,MX ok,rascunho criado 2026-10-07
